IncidentID,AgencyORI,AgencyName,IncidentStatusDesc,County,RdwyNumber,Street,RoadwayName,StreetSfx,StreetDir,IntersectionRdwy,IntersectionRdwyName,BetweenStRdwy1,BetweenStRdwyName1,BetweenStRdwy2,BetweenStRdwyName2,Latitude,Longitude,Milepoint,CollisionDate,CollisionTime,UnitsInvolved,MotorVehiclesInvolved,NumberKilled,NumberInjured,Weather,RdwyConditionCode,HitandRun,DirAnalysisCode,MannerofCollision,RdwyCharacter,LightCondition,RampFromRdwyId,RampToRdwyId,AcceptedDate,IsSecondaryCollision,OwnerBadge,IncidentStatus,
28669595,KSP0400,KY STATE POLICE POST 04,Accepted,HARDIN,I 0065,,I65 N,,,,,,,,,37.812089882,-85.740013856,103.208,9/16/2021 12:00:00 AM,1415,3,3,0,0,CLEAR,DRY,False,REAR END IN TRAFFIC LANES BOTH VEHICLES MOVING,REAR END,STRAIGHT & LEVEL,DAYLIGHT,,,9/17/2021 7:51:08 AM,False,434,Accepted,
28778976,KSP0700,KY STATE POLICE POST 07,Accepted,MADISON,I 0075,,I75 N,,,,,,,,,37.864400302,-84.332300363,96.205,9/16/2021 12:00:00 AM,1309,3,3,0,0,CLEAR,DRY,False,REAR END IN TRAFFIC LANES BOTH VEHICLES MOVING,REAR END,STRAIGHT & LEVEL,DAYLIGHT,,,9/30/2021 8:07:41 PM,False,427,Accepted,
28679188,0190500,HIGHLAND HEIGHTS POLICE DEPT.,Accepted,CAMPBELL,I 0471,,I471 N,,,,,,,,,39.052161833,-84.467722376,0.680,9/16/2021 12:00:00 AM,1212,2,2,0,0,CLOUDY,DRY,False,REAR END IN TRAFFIC LANES BOTH VEHICLES MOVING,REAR END,CURVE & LEVEL,DAYLIGHT,,,9/20/2021 9:22:32 AM,False,505,Accepted,
28912432,0430000,GRAYSON COUNTY SHERIFF DEPT.,Accepted,GRAYSON,,,NOLIN ESTATES,RD,,,,,,,,37.355489598,-86.158602581,1.263,9/16/2021 12:00:00 AM,0927,2,2,0,1,CLEAR,DRY,False,1 VEHICLE PARKED POSITION (NOT PARKING LOT/DRIVEWAY),SIDESWIPE-SAME DIRECTION,STRAIGHT & GRADE,DAYLIGHT,,,10/17/2021 2:08:04 AM,False,105,Accepted,
28674365,KSP0300,KY STATE POLICE POST 03,Accepted,WARREN,I 0065,,I65 N,,,,,,,,,36.899268271,-86.437768229,19.703,9/15/2021 12:00:00 AM,0733,1,1,0,0,RAINING,WET,False,OTHER ROADWAY OR MID-BLOCK COLLISION,SINGLE VEHICLE,STRAIGHT & LEVEL,DAYLIGHT,,,9/18/2021 7:44:52 PM,False,752,Accepted,
28662786,0080200,FLORENCE POLICE DEPARTMENT,Accepted,BOONE,US0042,,US42,,,,,I 0075,I75 N EXIT180 ON RAMP FROM US42,,FANTASY FRONTIER,38.986685429,-84.640198409,14.136,9/14/2021 12:00:00 AM,1903,2,2,0,0,CLEAR,DRY,True,SIDESWIPE COLLISION - SAME DIRECTION,SIDESWIPE-SAME DIRECTION,STRAIGHT & LEVEL,DAYLIGHT,,,9/15/2021 3:31:16 PM,False,23,Accepted,
28661076,0568000,LOUISVILLE METRO POLICE DEPT,Accepted,JEFFERSON,I 0265,,I265 N,,,,,,,,,38.230964514,-85.504714337,26.050,9/14/2021 12:00:00 AM,0852,2,2,0,0,CLEAR,DRY,False,SIDESWIPE COLLISION - SAME DIRECTION,SIDESWIPE-SAME DIRECTION,STRAIGHT & LEVEL,DAYLIGHT,,,9/15/2021 8:26:53 AM,False,4903,Accepted,
28683941,0900100,BARDSTOWN POLICE DEPARTMENT,Accepted,NELSON,KY0245,,NEW SHEPHERDSVILLE,RD,,,,,,,,37.799947834,-85.433734556,0.113,9/14/2021 12:00:00 AM,1414,2,2,0,1,CLEAR,DRY,False,SIDESWIPE COLLISION - SAME DIRECTION,SIDESWIPE-SAME DIRECTION,STRAIGHT & LEVEL,DAYLIGHT,,,9/21/2021 9:11:04 AM,False,2923,Accepted,
28661145,0450000,GREENUP COUNTY SHERIFF DEPT.,Accepted,GREENUP,US0023,,US23,,,,,,,,,38.720296689,-82.968943188,27.165,9/14/2021 12:00:00 AM,0632,2,2,0,0,CLEAR,OTHER,False,REAR END IN TRAFFIC LANES BOTH VEHICLES MOVING,REAR END,STRAIGHT & LEVEL,DAWN,,,9/15/2021 8:34:11 AM,False,SO-8,Accepted,
28679649,1000000,PULASKI COUNTY SHERIFF DEPT.,Accepted,PULASKI,KY0461,3115,KY461,,,,,,,,,37.196919468,-84.466078221,3.136,9/13/2021 12:00:00 AM,1704,3,3,0,0,CLEAR,DRY,False,OTHER ROADWAY OR MID-BLOCK COLLISION,OPPOSING LEFT TURN,STRAIGHT & LEVEL,DAYLIGHT,,,9/20/2021 10:33:41 AM,False,1109,Accepted,
28677116,0330000,ESTILL COUNTY SHERIFF DEPT.,Accepted,ESTILL,KY0052,,RICHMOND,RD,,,,,,,,37.703343679,-84.032423658,3.993,9/13/2021 12:00:00 AM,0810,2,2,0,0,CLEAR,DRY,False,REAR END IN TRAFFIC LANES BOTH VEHICLES MOVING,REAR END,STRAIGHT & LEVEL,DAYLIGHT,,,9/19/2021 10:00:52 PM,False,SO5,Accepted,
28654662,0590100,COVINGTON POLICE DEPARTMENT,Accepted,KENTON,I 0075,,I75 N,,,,,,,,,39.075793263,-84.519401195,190.446,9/13/2021 12:00:00 AM,1146,2,2,0,0,CLEAR,DRY,False,REAR END IN TRAFFIC LANES BOTH VEHICLES MOVING,REAR END,STRAIGHT & LEVEL,DAYLIGHT,,,9/13/2021 4:31:51 PM,False,0254,Accepted,
28660989,1140000,WARREN COUNTY SHERIFF DEPT.,Accepted,WARREN,US0231,,MORGANTOWN,RD,,,,,,,,36.992319209,-86.503777666,14.839,9/13/2021 12:00:00 AM,1429,2,2,0,0,CLEAR,DRY,False,OTHER ROADWAY OR MID-BLOCK COLLISION,REAR END,CURVE & LEVEL,DAYLIGHT,,,9/15/2021 8:08:51 AM,False,415,Accepted,
28665930,1060000,SHELBY COUNTY SHERIFF DEPT.,Accepted,SHELBY,KY0053,,MT EDEN,RD,,,,KY0053,KY53 TURN LANE,,OLD SEVEN MILE,38.205803426,-85.203129752,7.660,9/13/2021 12:00:00 AM,1017,3,3,0,0,CLEAR,DRY,False,REAR END IN TRAFFIC LANES BOTH VEHICLES MOVING,REAR END,STRAIGHT & LEVEL,DAYLIGHT,,,9/16/2021 10:55:33 AM,False,15,Accepted,
28853883,0470100,ELIZABETHTOWN POLICE DEPT.,Accepted,HARDIN,KY3005,,RING,RD,,,,,ETOWN SOFTBALL COMPLEX,US0062,LEITCHFIELD,37.673922189,-85.913382497,2.090,9/13/2021 12:00:00 AM,1359,2,1,0,0,CLEAR,DRY,False,SIDESWIPE COLLISION - SAME DIRECTION,SIDESWIPE-SAME DIRECTION,STRAIGHT & HILLCREST,DAYLIGHT,,,10/11/2021 3:02:11 AM,False,0084,Accepted,
28658685,0080000,BOONE COUNTY SHERIFF DEPT.,Accepted,BOONE,I 0275,,I275 E,,,,,,,,,39.084025185,-84.739538783,8.681,9/13/2021 12:00:00 AM,1519,2,2,0,0,CLEAR,DRY,False,SIDESWIPE COLLISION - SAME DIRECTION,SIDESWIPE-SAME DIRECTION,STRAIGHT & LEVEL,DAYLIGHT,,,9/14/2021 4:35:47 PM,False,3207,Accepted,
28656764,0568000,LOUISVILLE METRO POLICE DEPT,Accepted,JEFFERSON,,,LOWER HUNTERS,TRCE,,,UPPER HUNTERS,,,,,38.157828024,-85.847686181,0.727,9/13/2021 12:00:00 AM,0820,3,3,0,0,CLEAR,DRY,False,OTHER INTERSECTION COLLISIONS,REAR END,STRAIGHT & GRADE,DAYLIGHT,,,9/14/2021 8:08:43 AM,False,7817,Accepted,
28662807,0080200,FLORENCE POLICE DEPARTMENT,Accepted,BOONE,US0042,,US42,,,,,I 0075,I75 N EXIT180 OFF RAMP TO US42,I 0075,I75 S EXIT180 OFF RAMP TO US42,38.986673499,-84.640212149,14.137,9/13/2021 12:00:00 AM,1402,1,1,0,0,CLEAR,DRY,False,COLLISION WITH FIXED OBJECT NON - INTERSECTION - FIRST EVENT COLLISION 09 - 32 EXCLUDING 16,SINGLE VEHICLE,STRAIGHT & LEVEL,DAYLIGHT,,,9/15/2021 3:32:50 PM,False,23,Accepted,
28652917,0590100,COVINGTON POLICE DEPARTMENT,Accepted,KENTON,I 0075,,I75 N,,,,,,,,,39.067825483,-84.520311796,189.849,9/12/2021 12:00:00 AM,1700,2,2,0,0,CLOUDY,DRY,False,SIDESWIPE COLLISION - SAME DIRECTION,SIDESWIPE-SAME DIRECTION,STRAIGHT & GRADE,DAYLIGHT,,,9/13/2021 9:25:00 AM,False,0328,Accepted,
28654490,0470000,HARDIN COUNTY SHERIFF DEPT.,Accepted,HARDIN,I 0065,,I65 N,,,,,,,,,37.811453576,-85.740634145,103.152,9/12/2021 12:00:00 AM,1331,2,2,0,1,CLEAR,DRY,False,REAR END IN TRAFFIC LANES BOTH VEHICLES MOVING,REAR END,STRAIGHT & LEVEL,DAYLIGHT,,,9/13/2021 4:03:59 PM,False,Unit 8,Accepted,
28652575,0568000,LOUISVILLE METRO POLICE DEPT,Accepted,JEFFERSON,I 0264,,I264 E,,,,,I 0264,I264 E EXIT8 ON RAMP FROM US31W N,I 0264,I264 E EXIT9 OFF RAMP TO KY1865,38.185860298,-85.804127599,7.969,9/11/2021 12:00:00 AM,0943,2,2,0,2,CLOUDY,DRY,False,1 VEHICLE ENTERING/LEAVING ENTRANCE,ANGLE,STRAIGHT & LEVEL,DAYLIGHT,,,9/13/2021 8:26:42 AM,False,5221,Accepted,
28662788,0080200,FLORENCE POLICE DEPARTMENT,Accepted,BOONE,KY0536,,MT ZION,RD,,,,I 0075,I75 S EXIT178 OFF RAMP TO  MT ZION RD,I 0075,I75 N EXIT178 ON RAMP FROM  MT ZION RD,38.956540523,-84.634435928,13.376,9/11/2021 12:00:00 AM,1431,2,2,0,0,CLEAR,DRY,True,OTHER ROADWAY OR MID-BLOCK COLLISION,REAR END,STRAIGHT & LEVEL,DAYLIGHT,,,9/15/2021 3:31:36 PM,False,23,Accepted,
28658970,1050100,GEORGETOWN POLICE DEPARTMENT,Accepted,SCOTT,I 0075,,,,,,,,,,,38.213481224,-84.533605843,0.294,9/11/2021 12:00:00 AM,1955,1,1,0,0,CLEAR,DRY,False,OTHER RAMP RELATED COLLISIONS NOT LISTED ABOVE,SINGLE VEHICLE,CURVE & GRADE,DARK-HWY NOT LIGHTED,US0460,I 0075,9/14/2021 5:33:55 PM,False,851,Accepted,
28652520,0568000,LOUISVILLE METRO POLICE DEPT,Accepted,JEFFERSON,I 0065,,,,,,,,,,,38.181076556,-85.721678307,0.057,9/10/2021 12:00:00 AM,0928,1,1,0,0,CLEAR,DRY,False,COLLISION WITH FIXED OBJECT NOT IN GORE ,SINGLE VEHICLE,STRAIGHT & GRADE,DAYLIGHT,I 0065,GRADE LN,9/13/2021 8:22:49 AM,False,6886,Accepted,
28645868,0910000,NICHOLAS COUNTY SHERIFF DEPT.,Accepted,NICHOLAS,KY0032,1900,MYERS,RD,,,,,,,,38.341773106,-84.000052813,11.779,9/10/2021 12:00:00 AM,1925,1,1,0,0,CLEAR,DRY,False,COLLISION WITH FIXED OBJECT NON - INTERSECTION - FIRST EVENT COLLISION 09 - 32 EXCLUDING 16,SINGLE VEHICLE,CURVE & LEVEL,DAYLIGHT,,,9/10/2021 10:22:33 PM,False,101,Accepted,
28655213,0220000,CARTER COUNTY SHERIFF DEPT.,Accepted,CARTER,I 0064,,I64 W,,,,,,,,,38.326008269,-83.120316798,161.351,9/10/2021 12:00:00 AM,2131,1,1,0,0,CLEAR,DRY,False,OTHER ROADWAY OR MID-BLOCK COLLISION,SINGLE VEHICLE,STRAIGHT & GRADE,DARK-HWY LIGHTED/ON,,,9/13/2021 7:23:24 PM,False,409,Accepted,
28654659,0590100,COVINGTON POLICE DEPARTMENT,Accepted,KENTON,I 0075,,I75 N,,,,,,,,,39.082898366,-84.522444640,190.985,9/10/2021 12:00:00 AM,1633,2,2,0,0,CLEAR,DRY,False,SIDESWIPE COLLISION - SAME DIRECTION,SIDESWIPE-SAME DIRECTION,STRAIGHT & LEVEL,DAYLIGHT,,,9/13/2021 4:31:37 PM,False,0254,Accepted,
28651663,0470100,ELIZABETHTOWN POLICE DEPT.,Accepted,HARDIN,US0031W,,DIXIE,AVE,N,,WALMART,,,,,37.731250124,-85.885460094,19.704,9/10/2021 12:00:00 AM,2215,2,2,0,0,CLEAR,DRY,False,ANGLE COLLISION - OTHER,ANGLE,STRAIGHT & LEVEL,DARK-HWY LIGHTED/ON,,,9/13/2021 2:40:26 AM,False,0152,Accepted,
28654616,0150000,BULLITT COUNTY SHERIFF DEPT.,Accepted,BULLITT,I 0065,106MM,I65 S,,,,,,,,,37.852014534,-85.712356797,106.451,9/10/2021 12:00:00 AM,1645,2,2,0,0,CLEAR,DRY,False,REAR END IN TRAFFIC LANES BOTH VEHICLES MOVING,REAR END,STRAIGHT & LEVEL,DAYLIGHT,,,9/13/2021 4:27:23 PM,False,1226,Accepted,
28647413,0080000,BOONE COUNTY SHERIFF DEPT.,Accepted,BOONE,KY1017,,AERO,PKWY,,,,,,,,39.018982417,-84.676888905,0.250,9/9/2021 12:00:00 AM,0752,2,2,0,0,CLEAR,DRY,False,REAR END IN TRAFFIC LANES BOTH VEHICLES MOVING,REAR END,STRAIGHT & LEVEL,DAWN,,,9/11/2021 2:02:05 PM,False,3743,Accepted,
28641778,0340200,LEXINGTON POLICE DEPARTMENT,Accepted,FAYETTE,US0027,,UPPER,ST,S,US0027,BOLIVAR,,,,,38.042036455,-84.505434831,5.806,9/9/2021 12:00:00 AM,2100,2,2,0,0,CLEAR,DRY,False,OTHER INTERSECTION COLLISIONS,REAR END,CURVE & LEVEL,DARK-HWY LIGHTED/ON,,,9/9/2021 10:30:32 PM,False,58512,Accepted,
29198727,KSP0300,KY STATE POLICE POST 03,Accepted,WARREN,I 0065,,I65 S,,,,,,,,,36.898202241,-86.438470728,19.620,9/9/2021 12:00:00 AM,0946,5,5,0,0,CLEAR,DRY,True,OTHER COLLISIONS ON SHOULDER,BACKING,STRAIGHT & LEVEL,DAYLIGHT,,,11/8/2021 10:21:08 AM,False,752,Accepted,
28734319,1110000,TRIGG COUNTY SHERIFF DEPT.,Accepted,TRIGG,US0068,,HOPKINSVILLE,RD,,,,,,,,36.870173685,-87.769653048,22.284,9/8/2021 12:00:00 AM,1015,2,2,0,0,CLOUDY,DRY,False,1 VEHICLE ENTERING/LEAVING ENTRANCE,ANGLE,STRAIGHT & LEVEL,DAYLIGHT,,,9/28/2021 12:04:34 PM,False,200,Accepted,
28795696,0150200,LEBANON JUNCTION POLICE DEPT.,Accepted,BULLITT,I 0065,,I65 N,,,,,,,,,37.832818249,-85.717780813,105.108,9/8/2021 12:00:00 AM,2145,2,2,0,0,CLEAR,DRY,False,1 VEHICLE ENTERING/LEAVING ENTRANCE,ANGLE,STRAIGHT & GRADE,DARK-HWY LIGHTED/ON,,,10/5/2021 2:28:42 PM,False,602,Accepted,
28790604,0370200,KY STATE POLICE CVE,Accepted,LINCOLN,US0027,,US27,,S,,,,,,,37.347816144,-84.662365490,4.090,9/8/2021 12:00:00 AM,1200,2,1,0,0,CLOUDY,DRY,False,VEHICLE BACKING NON INTERSECTION,BACKING,STRAIGHT & LEVEL,DAYLIGHT,,,10/4/2021 10:18:58 AM,False,C-326,Accepted,
28795698,0150200,LEBANON JUNCTION POLICE DEPT.,Accepted,BULLITT,I 0065,,I65 S,,,,,,,,,37.829437699,-85.719858504,104.822,9/8/2021 12:00:00 AM,1845,2,2,0,0,CLEAR,DRY,False,SIDESWIPE COLLISION - SAME DIRECTION,SIDESWIPE-SAME DIRECTION,STRAIGHT & GRADE,DAYLIGHT,,,10/5/2021 2:28:50 PM,False,602,Accepted,
28665228,0568000,LOUISVILLE METRO POLICE DEPT,Accepted,JEFFERSON,I 0264,,I264 E,,,,,,,,,38.209724619,-85.827178966,5.000,9/8/2021 12:00:00 AM,1644,2,1,1,2,CLEAR,DRY,False,COLLISION WITH PEDESTRIAN NON - INTERSECTION,SINGLE VEHICLE,CURVE & LEVEL,DAYLIGHT,,,9/16/2021 8:02:27 AM,False,2142,Accepted,
28612002,1200100,VERSAILLES POLICE DEPARTMENT,Accepted,WOODFORD,US0060,60,US60,BYP,,,,,MARKHAM,,MEREWOOD,38.063339187,-84.729908307,8.218,9/7/2021 12:00:00 AM,0930,1,1,0,0,CLEAR,DRY,False,OTHER ROADWAY OR MID-BLOCK COLLISION,SINGLE VEHICLE,STRAIGHT & LEVEL,DAYLIGHT,,,9/7/2021 12:59:27 PM,False,105,Accepted,
28625741,0561000,JEFFERSONTOWN POLICE DEPT,Accepted,JEFFERSON,I 0064,,I64 W,,,,,I 0064,I64 W EXIT17 ON RAMP FROM KY913 S,I 0064,I64 W EXIT15 OFF RAMP FROM KY1747,38.223768636,-85.549709192,16.464,9/7/2021 12:00:00 AM,2015,2,2,0,0,CLEAR,DRY,False,SIDESWIPE COLLISION - SAME DIRECTION,SIDESWIPE-SAME DIRECTION,STRAIGHT & LEVEL,DARK-HWY LIGHTED/ON,,,9/7/2021 10:33:02 PM,False,8293,Accepted,
28627219,0568000,LOUISVILLE METRO POLICE DEPT,Accepted,JEFFERSON,I 0064,,I64 E,,,I 0264,I264 E,,,,,38.276648680,-85.819873971,0.359,9/7/2021 12:00:00 AM,1409,2,2,0,0,CLEAR,DRY,True,SIDESWIPE-SAME DIRECTION,SIDESWIPE-SAME DIRECTION,,DAYLIGHT,,,9/8/2021 8:06:45 AM,False,5250,Accepted,
28980827,0080000,BOONE COUNTY SHERIFF DEPT.,Accepted,BOONE,I 0075,,I75 S,,,,,I 0075,I75 S REST AREA176 ON RAMP,I 0075,I75 S EXIT175 OFF RAMP TO  RICHWOOD DR,38.922729323,-84.629973477,175.725,9/7/2021 12:00:00 AM,1825,3,3,0,1,CLOUDY,DRY,False,OTHER ROADWAY OR MID-BLOCK COLLISION,REAR END,STRAIGHT & LEVEL,DAYLIGHT,,,10/26/2021 7:57:39 AM,False,3769,Accepted,
28644468,0470100,ELIZABETHTOWN POLICE DEPT.,Accepted,HARDIN,KY3005,,RING,RD,,,,,WALMART,US0031W,DIXIE,37.728336080,-85.883878233,6.557,9/6/2021 12:00:00 AM,1404,2,2,0,0,CLEAR,DRY,False,REAR END IN TRAFFIC LANES BOTH VEHICLES MOVING,REAR END,STRAIGHT & HILLCREST,DAYLIGHT,,,9/10/2021 3:05:59 PM,False,0111,Accepted,
28654537,0930100,LAGRANGE POLICE DEPARTMENT,Accepted,OLDHAM,KY0053,,1ST,AVE,S,,,,PARKER,,CRYSTAL,38.402532236,-85.376680182,6.606,9/6/2021 12:00:00 AM,1152,2,2,0,0,CLEAR,DRY,False,SIDESWIPE COLLISION - SAME DIRECTION,SIDESWIPE-SAME DIRECTION,STRAIGHT & GRADE,DAYLIGHT,,,9/13/2021 4:18:16 PM,False,2060,Accepted,
28608218,KSP0300,KY STATE POLICE POST 03,Accepted,WARREN,I 0065,,I65 N,,,,,,,,,36.855389183,-86.456017718,16.511,9/5/2021 12:00:00 AM,0551,3,3,0,0,RAINING,WET,False,SIDESWIPE COLLISION - SAME DIRECTION,SIDESWIPE-SAME DIRECTION,STRAIGHT & LEVEL,DAWN,,,9/7/2021 9:50:41 AM,False,446,Accepted,
28604682,1050000,SCOTT COUNTY SHERIFF DEPT.,Accepted,SCOTT,I 0075,,I75 S,,,,,,,,,38.189839703,-84.525607404,122.937,9/5/2021 12:00:00 AM,0958,1,1,0,0,RAINING,WET,False,COLLISION WITH FIXED OBJECT NON - INTERSECTION - FIRST EVENT COLLISION 09 - 32 EXCLUDING 16,SINGLE VEHICLE,CURVE & GRADE,DAYLIGHT,,,9/6/2021 3:56:36 PM,False,226,Accepted,
28605702,0150000,BULLITT COUNTY SHERIFF DEPT.,Accepted,BULLITT,I 0065,105,I65 N,,,,,I 0065,I65 N EXIT105 OFF RAMP TO KY61,I 0065,I65 N EXIT105 ON RAMP FROM KY61,37.831941112,-85.718101323,105.045,9/5/2021 12:00:00 AM,0859,1,1,0,0,RAINING,WATER (STANDING OR MOVING),False,OTHER ROADWAY OR MID-BLOCK COLLISION,SINGLE VEHICLE,CURVE & LEVEL,DAYLIGHT,,,9/6/2021 9:23:49 PM,False,1007,Accepted,
28644437,0470100,ELIZABETHTOWN POLICE DEPT.,Accepted,HARDIN,,,KMART CENTER,DR,,US0031W,DIXIE,,,,,37.734146375,-85.886868408,0.002,9/4/2021 12:00:00 AM,1015,1,1,0,0,CLEAR,DRY,False,OTHER INTERSECTION COLLISIONS,SINGLE VEHICLE,STRAIGHT & LEVEL,DAYLIGHT,,,9/10/2021 3:02:36 PM,False,0133,Accepted,
28627797,0990100,STANTON POLICE DEPARTMENT,Accepted,POWELL,KY0213,,MAIN,ST,N,,HALLS,,,,,37.846879586,-83.858430971,7.685,9/4/2021 12:00:00 AM,0931,2,2,0,0,CLEAR,DRY,False,ANGLE COLLISION - OTHER,ANGLE,STRAIGHT & LEVEL,DAYLIGHT,,,9/8/2021 10:10:08 AM,False,142,Accepted,
28601663,1050000,SCOTT COUNTY SHERIFF DEPT.,Accepted,SCOTT,I 0075,,I75 N,,,,,,,,,38.173503943,-84.534521618,121.729,9/4/2021 12:00:00 AM,1951,2,2,0,0,CLEAR,DRY,False,REAR END IN TRAFFIC LANES BOTH VEHICLES MOVING,REAR END,STRAIGHT & LEVEL,DUSK,,,9/5/2021 4:17:40 PM,False,218,Accepted,
28607773,0568000,LOUISVILLE METRO POLICE DEPT,Accepted,JEFFERSON,US0031E,,MAIN,ST,E,,1ST,,,,,38.256115899,-85.751529127,17.786,9/3/2021 12:00:00 AM,1630,3,3,0,1,CLEAR,DRY,False,ANGLE COLLISION - ONE VEHICLE TURNING LEFT,ANGLE,STRAIGHT & LEVEL,DAYLIGHT,,,9/7/2021 8:38:00 AM,False,7216,Accepted,
28653918,0760100,BEREA POLICE DEPARTMENT,Accepted,MADISON,,,JEFFERSON,ST,W,,,,,,,37.573161627,-84.308267592,0.126,9/3/2021 12:00:00 AM,1414,2,2,0,0,CLOUDY,DRY,False,1 VEHICLE ENTERING/LEAVING ENTRANCE,ANGLE,STRAIGHT & LEVEL,DAYLIGHT,,,9/13/2021 2:03:05 PM,False,3559CO,Accepted,
28594697,0568000,LOUISVILLE METRO POLICE DEPT,Accepted,JEFFERSON,KY1865,,TAYLOR,BLVD,,,,,CONN,,BERRY,38.195970142,-85.782961478,6.170,9/3/2021 12:00:00 AM,0442,2,2,0,0,CLEAR,DRY,True,REAR END IN TRAFFIC LANES BOTH VEHICLES MOVING,REAR END,STRAIGHT & LEVEL,DARK-HWY LIGHTED/ON,,,9/3/2021 7:49:45 AM,False,7426,Accepted,
28634182,1000000,PULASKI COUNTY SHERIFF DEPT.,Accepted,PULASKI,KY0461,,KY461,,,,,,,,,37.180273477,-84.478229837,1.797,9/3/2021 12:00:00 AM,0533,1,1,0,0,CLEAR,DRY,False,OTHER ROADWAY OR MID-BLOCK COLLISION,SINGLE VEHICLE,CURVE & LEVEL,DARK-HWY NOT LIGHTED,,,9/8/2021 10:16:48 PM,False,1149,Accepted,
28598566,0080200,FLORENCE POLICE DEPARTMENT,Accepted,BOONE,I 0075,,I75 S,,,,,,,,,38.985407131,-84.642011469,180.062,9/3/2021 12:00:00 AM,1055,2,2,0,0,CLEAR,DRY,False,SIDESWIPE COLLISION - SAME DIRECTION,SIDESWIPE-SAME DIRECTION,STRAIGHT & LEVEL,DAYLIGHT,,,9/4/2021 7:57:14 AM,False,74,Accepted,
28599784,0080000,BOONE COUNTY SHERIFF DEPT.,Accepted,BOONE,KY0018,,BURLINGTON,PIKE,,KY1017,AERO,,,,,39.017715652,-84.680853553,12.931,9/3/2021 12:00:00 AM,1554,2,2,0,1,CLEAR,DRY,True,OTHER INTERSECTION COLLISIONS,REAR END,CURVE & GRADE,DAYLIGHT,,,9/4/2021 8:50:37 PM,False,3713,Accepted,
28608164,0540100,MADISONVILLE POLICE DEPT.,Accepted,HOPKINS,US0041,,MAIN,ST,N,,CHELSA,,,,,37.348056838,-87.498259914,17.493,9/2/2021 12:00:00 AM,1247,2,2,0,0,CLEAR,DRY,False,OTHER INTERSECTION COLLISIONS,REAR END,STRAIGHT & LEVEL,DAYLIGHT,,,9/7/2021 9:36:55 AM,False,51,Accepted,
28592915,0340200,LEXINGTON POLICE DEPARTMENT,Accepted,FAYETTE,I 0075,,I75 S,,,,,I 0075,I75 S EXIT104 ON RAMP FROM KY418,I 0075,I75 S EXIT99 OFF RAMP TO US25,37.896584270,-84.354552045,98.916,9/2/2021 12:00:00 AM,1759,2,2,0,0,CLEAR,DRY,True,SIDESWIPE COLLISION - SAME DIRECTION,SIDESWIPE-SAME DIRECTION,STRAIGHT & LEVEL,DAYLIGHT,,,9/2/2021 7:49:42 PM,False,54526,Accepted,
28605369,1140000,WARREN COUNTY SHERIFF DEPT.,Accepted,WARREN,I 0065,22 MM,I65 N,,,,,,,,,36.937577027,-86.416220812,22.604,9/2/2021 12:00:00 AM,1739,1,1,0,0,CLEAR,DRY,False,OTHER ROADWAY OR MID-BLOCK COLLISION,SINGLE VEHICLE,STRAIGHT & LEVEL,DAYLIGHT,,,9/6/2021 6:56:47 PM,False,430,Accepted,
28628028,0560400,SHIVELY POLICE DEPARTMENT,Accepted,JEFFERSON,I 0264,,,,,,,,,,,38.183036883,-85.814083145,0.098,9/2/2021 12:00:00 AM,2015,2,2,0,0,CLEAR,DRY,False,OTHER RAMP RELATED COLLISIONS NOT LISTED ABOVE,SIDESWIPE-SAME DIRECTION,CURVE & GRADE,DUSK,US31W N,I 0264,9/8/2021 10:41:13 AM,False,7137,Accepted,
28594732,0340200,LEXINGTON POLICE DEPARTMENT,Accepted,FAYETTE,I 0075,,I75 S,,,,,I 0075,I75 S EXIT99 OFF RAMP TO US25,I 0075,I75 S EXIT99 ON RAMP FROM US25,37.890995087,-84.349450663,98.444,9/2/2021 12:00:00 AM,1255,5,5,0,5,CLEAR,DRY,True,OTHER ROADWAY OR MID-BLOCK COLLISION,REAR END,STRAIGHT & GRADE,DAYLIGHT,,,9/3/2021 8:05:26 AM,False,30541,Accepted,
28596370,0340200,LEXINGTON POLICE DEPARTMENT,Accepted,FAYETTE,US0025,,GEORGETOWN,RD,,,,,BRIARWOOD,,NANDINO,38.079096398,-84.507865384,16.482,9/2/2021 12:00:00 AM,1439,2,2,0,0,CLEAR,DRY,False,OTHER ROADWAY OR MID-BLOCK COLLISION,REAR END,STRAIGHT & GRADE,DAYLIGHT,,,9/3/2021 4:11:57 PM,False,22512,Accepted,