IncidentID,AgencyORI,AgencyName,IncidentStatusDesc,County,RdwyNumber,Street,RoadwayName,StreetSfx,StreetDir,IntersectionRdwy,IntersectionRdwyName,BetweenStRdwy1,BetweenStRdwyName1,BetweenStRdwy2,BetweenStRdwyName2,Latitude,Longitude,Milepoint,CollisionDate,CollisionTime,UnitsInvolved,MotorVehiclesInvolved,NumberKilled,NumberInjured,Weather,RdwyConditionCode,HitandRun,DirAnalysisCode,MannerofCollision,RdwyCharacter,LightCondition,RampFromRdwyId,RampToRdwyId,AcceptedDate,IsSecondaryCollision,OwnerBadge,IncidentStatus,
28595732,0080000,BOONE COUNTY SHERIFF DEPT.,Accepted,BOONE,KY0536,,MT ZION,RD,,I 0075,I75 N EXIT178 ON RAMP FROM  MT ZION RD,,,,,38.956453668,-84.632941577,13.458,9/2/2021 12:00:00 AM,1705,2,2,0,0,CLEAR,DRY,False,ANGLE COLLISION - OTHER,ANGLE,STRAIGHT & LEVEL,DAYLIGHT,,,9/3/2021 12:49:35 PM,False,3700,Accepted,
28590281,0568000,LOUISVILLE METRO POLICE DEPT,Accepted,JEFFERSON,I 0265,,I265 S,,,,,I 0064,I265 S EXIT25A RAMP TO I64 E,I 0064,I64 W EXIT19A RAMP TO I265 S,38.222403347,-85.505760583,25.423,9/1/2021 12:00:00 AM,1547,2,2,0,0,CLEAR,DRY,False,REAR END IN TRAFFIC LANES BOTH VEHICLES MOVING,REAR END,STRAIGHT & LEVEL,DAYLIGHT,,,9/2/2021 7:21:43 AM,False,2109,Accepted,
28604061,0920000,OHIO COUNTY SHERIFF DEPT.,Accepted,OHIO,KY1544,,KY1544,,,,,,,,,37.454578798,-86.740123732,0.285,9/1/2021 12:00:00 AM,2131,1,1,0,0,CLOUDY,DRY,False,COLLISION WITH NON-FIXED OBJECT ,SINGLE VEHICLE,STRAIGHT & LEVEL,DARK-HWY NOT LIGHTED,,,9/6/2021 10:25:45 AM,False,1109,Accepted,
29355325,0150200,LEBANON JUNCTION POLICE DEPT.,Accepted,BULLITT,I 0065,,I65 S,,,,,,,,,37.825361965,-85.724060790,104.459,8/30/2021 12:00:00 AM,1548,1,1,0,0,RAINING,WET,False,OTHER ROADWAY OR MID-BLOCK COLLISION,SINGLE VEHICLE,STRAIGHT & LEVEL,DAYLIGHT,,,11/26/2021 2:04:04 PM,False,601,Accepted,
28658849,0630000,LAUREL COUNTY SHERIFF DEPT.,Accepted,LAUREL,I 0075,,I75 N,,,,,,,,,36.992382309,-84.107981990,29.951,8/30/2021 12:00:00 AM,1713,2,2,0,0,RAINING,WET,False,REAR END IN TRAFFIC LANES BOTH VEHICLES MOVING,REAR END,STRAIGHT & LEVEL,DAYLIGHT,,,9/14/2021 5:02:50 PM,False,1123,Accepted,
28727759,0630000,LAUREL COUNTY SHERIFF DEPT.,Accepted,LAUREL,I 0075,,I75 N,,,,,,,,,36.990876407,-84.108257047,29.847,8/30/2021 12:00:00 AM,1713,2,2,0,1,RAINING,WET,False,REAR END IN TRAFFIC LANES BOTH VEHICLES MOVING,REAR END,STRAIGHT & LEVEL,DAYLIGHT,,,9/27/2021 10:52:58 PM,False,1123,Accepted,
28694865,0780000,MARION COUNTY SHERIFF DEPT.,Accepted,MARION,US0068,,CAMPBELLSVILLE,HWY,,,,,,,,37.528170913,-85.302402863,6.563,8/30/2021 12:00:00 AM,1345,2,2,0,2,CLEAR,DRY,False,REAR END IN TRAFFIC LANES BOTH VEHICLES MOVING,REAR END,STRAIGHT & LEVEL,DAYLIGHT,,,9/23/2021 12:37:43 PM,False,1209,Accepted,
28627340,0630000,LAUREL COUNTY SHERIFF DEPT.,Accepted,LAUREL,I 0075,,I75 N,,,,,,,,,37.159763787,-84.113493214,41.636,8/29/2021 12:00:00 AM,1219,3,3,0,1,CLEAR,DRY,False,REAR END IN TRAFFIC LANES BOTH VEHICLES MOVING,REAR END,STRAIGHT & LEVEL,DAYLIGHT,,,9/8/2021 8:36:39 AM,False,1122,Accepted,
28587723,0930100,LAGRANGE POLICE DEPARTMENT,Accepted,OLDHAM,KY0053,,1ST,AVE,S,,CRYSTAL,,,,,38.401467452,-85.375946957,6.521,8/27/2021 12:00:00 AM,0920,2,2,0,0,CLEAR,DRY,False,ANGLE COLLISION - OTHER,ANGLE,STRAIGHT & LEVEL,DAYLIGHT,,,9/1/2021 3:08:45 PM,False,2060,Accepted,
28569785,0470400,WEST POINT POLICE DEPARTMENT,Accepted,HARDIN,US0031W,,DIXIE,HWY,,,,,,,,37.963294001,-85.989336404,33.569,8/27/2021 12:00:00 AM,0705,3,3,0,0,CLEAR,DRY,False,OTHER ROADWAY OR MID-BLOCK COLLISION,REAR TO REAR,STRAIGHT & GRADE,DAYLIGHT,,,8/27/2021 4:28:38 PM,False,104,Accepted,
28581638,0170100,PRINCETON POLICE DEPARTMENT,Accepted,CALDWELL,,,LEGION,ST,W,,SEMINARY,,,,,37.105267323,-87.886779101,0.118,8/27/2021 12:00:00 AM,1154,2,2,0,0,CLEAR,DRY,False,OPPOSITE DIRECTION - BOTH VEHICLES GOING STRAIGHT AHEAD,SIDESWIPE-OPPOSITE DIRECTION,CURVE & GRADE,DAYLIGHT,,,8/31/2021 8:21:13 AM,False,610,Accepted,
28572520,0080000,BOONE COUNTY SHERIFF DEPT.,Accepted,BOONE,KY0338,,RICHWOOD,RD,,,FROGTOWN CONN,,,,,38.916720038,-84.632131470,0.449,8/27/2021 12:00:00 AM,1830,2,2,0,0,CLEAR,WET,False,SIDESWIPE-SAME DIRECTION,SIDESWIPE-SAME DIRECTION,STRAIGHT & LEVEL,DAYLIGHT,,,8/28/2021 4:25:54 PM,False,3738,Accepted,
28571732,0150000,BULLITT COUNTY SHERIFF DEPT.,Accepted,BULLITT,I 0065,,I65 S,,,,,I 0065,I65 TURN AROUND107,I 0065,I65 TURN AROUND109,37.891441731,-85.699730513,109.326,8/26/2021 12:00:00 AM,2111,2,2,0,0,CLEAR,DRY,False,SIDESWIPE COLLISION - SAME DIRECTION,SIDESWIPE-SAME DIRECTION,STRAIGHT & LEVEL,DARK-HWY LIGHTED/ON,,,8/28/2021 6:45:30 AM,False,1268,Accepted,
28570558,1050000,SCOTT COUNTY SHERIFF DEPT.,Accepted,SCOTT,I 0075,,I75 N,,,,,,,,,38.191670587,-84.524810647,123.048,8/26/2021 12:00:00 AM,1635,1,1,0,0,CLEAR,DRY,False,OTHER COLLISIONS ON SHOULDER,SINGLE VEHICLE,CURVE & LEVEL,DAYLIGHT,,,8/27/2021 9:28:15 PM,False,218,Accepted,
28567949,0568000,LOUISVILLE METRO POLICE DEPT,Accepted,JEFFERSON,I 0265,,I265 W,,,,,,,,,38.215177966,-85.506395812,24.923,8/26/2021 12:00:00 AM,1030,1,1,0,0,CLEAR,DRY,False,OTHER COLLISIONS ON SHOULDER,SINGLE VEHICLE,STRAIGHT & LEVEL,DAYLIGHT,,,8/27/2021 7:24:21 AM,False,7803,Accepted,
28584512,0790000,MARSHALL COUNTY SHERIFF DEPT.,Accepted,MARSHALL,US0641,,US641,,N,,,,,,,36.983141217,-88.294391856,17.933,8/26/2021 12:00:00 AM,2252,1,1,0,0,CLEAR,OTHER,False,OTHER ROADWAY OR MID-BLOCK COLLISION,SINGLE VEHICLE,STRAIGHT & GRADE,DARK-HWY NOT LIGHTED,,,8/31/2021 9:27:03 PM,False,45,Accepted,
28584513,0790000,MARSHALL COUNTY SHERIFF DEPT.,Accepted,MARSHALL,US0641,,US641,,N,,,,,,,36.983141217,-88.294391856,17.933,8/26/2021 12:00:00 AM,2252,1,1,0,0,CLEAR,OTHER,False,OTHER ROADWAY OR MID-BLOCK COLLISION,SINGLE VEHICLE,STRAIGHT & GRADE,DARK-HWY NOT LIGHTED,,,8/31/2021 9:27:06 PM,False,45,Accepted,
28569005,KSP0400,KY STATE POLICE POST 04,Accepted,GRAYSON,KY0088,,PEONIA,RD,,,,,,,,37.371700243,-86.164928160,10.933,8/26/2021 12:00:00 AM,1440,2,2,0,0,CLEAR,DRY,False,OTHER ROADWAY OR MID-BLOCK COLLISION,REAR END,STRAIGHT & LEVEL,DAYLIGHT,,,8/27/2021 12:33:54 PM,False,434,Accepted,
28570024,0590100,COVINGTON POLICE DEPARTMENT,Accepted,KENTON,I 0075,,I75 N,,,,,,,,,39.075588020,-84.519230242,190.430,8/26/2021 12:00:00 AM,0630,2,2,0,0,CLEAR,DRY,False,REAR END IN TRAFFIC LANES BOTH VEHICLES MOVING,REAR END,STRAIGHT & LEVEL,DARK-HWY LIGHTED/ON,,,8/27/2021 5:26:02 PM,False,0159,Accepted,
28577890,KSP0300,KY STATE POLICE POST 03,Accepted,WARREN,I 0065,,I65 N,,,,,,,,,36.939478648,-86.415102503,22.750,8/25/2021 12:00:00 AM,1413,3,3,0,0,CLEAR,DRY,False,REAR END IN TRAFFIC LANES BOTH VEHICLES MOVING,REAR END,STRAIGHT & LEVEL,DAYLIGHT,,,8/30/2021 10:10:21 AM,False,585,Accepted,
28561731,0100100,ASHLAND POLICE DEPARTMENT,Accepted,BOYD,US0023,,GREENUP,AVE,,,,,,,,38.479264871,-82.638360118,18.315,8/25/2021 12:00:00 AM,0842,2,2,0,0,CLEAR,DRY,False,SIDESWIPE COLLISION - SAME DIRECTION,SIDESWIPE-SAME DIRECTION,STRAIGHT & LEVEL,DAYLIGHT,,,8/25/2021 7:04:27 PM,False,1265,Accepted,
28781454,0650000,LEE COUNTY SHERIFF DEPARTMENT,Accepted,LEE,KY0011,,KY11,,,,,,,,,37.543664787,-83.728701610,1.527,8/25/2021 12:00:00 AM,1622,2,2,0,4,CLEAR,DRY,False,COLLISION WITH FIXED OBJECT NON - INTERSECTION - FIRST EVENT COLLISION 09 - 32 EXCLUDING 16,REAR END,CURVE & HILLCREST,DAYLIGHT,,,10/1/2021 11:13:59 AM,False,551,Accepted,
28565252,1200100,VERSAILLES POLICE DEPARTMENT,Accepted,WOODFORD,US0060,,FRANKFORT,RD,,,,US0062,MIDWAY,US0060,FRANKFORT,38.070053548,-84.738682047,7.476,8/24/2021 12:00:00 AM,2203,1,1,0,0,CLEAR,OTHER,False,OTHER ROADWAY OR MID-BLOCK COLLISION,SINGLE VEHICLE,STRAIGHT & LEVEL,DARK-HWY NOT LIGHTED,,,8/26/2021 3:09:55 PM,False,119,Accepted,
28559094,0590100,COVINGTON POLICE DEPARTMENT,Accepted,KENTON,I 0075,,4TH ST ON RAMP TO I 75 N,,N,,,,,,,39.086657781,-84.522287255,0.087,8/24/2021 12:00:00 AM,1700,2,2,0,0,CLEAR,DRY,True,OTHER RAMP RELATED COLLISIONS NOT LISTED ABOVE,SIDESWIPE-SAME DIRECTION,CURVE & HILLCREST,DAYLIGHT,W 4TH ST,I 0075,8/25/2021 7:22:20 AM,False,0302,Accepted,
28559200,0930400,OLDHAM COUNTY POLICE DEPT.,Accepted,OLDHAM,I 0071,,I71 N,,,,,I 0071,I71 N REST AREA13 OFF RAMP,I 0071,I71 N REST AREA13 OFF RAMP,38.336288899,-85.523197164,12.607,8/24/2021 12:00:00 AM,1404,2,2,0,0,CLEAR,DRY,False,REAR END IN TRAFFIC LANES BOTH VEHICLES MOVING,REAR END,STRAIGHT & GRADE,DAYLIGHT,,,8/25/2021 7:51:54 AM,False,3071,Accepted,
28736452,0630000,LAUREL COUNTY SHERIFF DEPT.,Accepted,LAUREL,I 0075,,I75 N,,,,,,,,,37.161298852,-84.114405141,41.749,8/23/2021 12:00:00 AM,1531,4,4,0,5,CLEAR,DRY,False,REAR END IN TRAFFIC LANES BOTH VEHICLES MOVING,REAR END,STRAIGHT & LEVEL,DAYLIGHT,,,9/28/2021 1:31:54 PM,False,1104,Accepted,
28573839,1140000,WARREN COUNTY SHERIFF DEPT.,Accepted,WARREN,I 0065,42101,I65 S,,,,,,,,,36.972778119,-86.393755055,25.323,8/23/2021 12:00:00 AM,0351,4,4,0,1,CLEAR,DRY,False,1 VEHICLE PARKED POSITION (NOT PARKING LOT/DRIVEWAY),REAR END,STRAIGHT & LEVEL,DARK-HWY NOT LIGHTED,,,8/29/2021 4:01:54 AM,True,418,Accepted,
28549700,0450500,RUSSELL POLICE DEPARTMENT,Accepted,GREENUP,KY0693,,DIEDERICK,BLVD,,,,US0023,US23,,ADDINGTON,38.502780848,-82.680885477,5.634,8/22/2021 12:00:00 AM,1428,2,2,0,0,CLEAR,DRY,False,SIDESWIPE COLLISION - OPPOSITE DIRECTION,SIDESWIPE-OPPOSITE DIRECTION,STRAIGHT & LEVEL,DAYLIGHT,,,8/23/2021 7:21:28 AM,False,431,Accepted,
28553441,0080000,BOONE COUNTY SHERIFF DEPT.,Accepted,BOONE,I 0275,,I275 W,,,,,,,,,39.082881046,-84.732086081,8.263,8/22/2021 12:00:00 AM,1718,1,1,0,0,CLEAR,DRY,False,OTHER ROADWAY OR MID-BLOCK COLLISION,SINGLE VEHICLE,STRAIGHT & LEVEL,DAYLIGHT,,,8/24/2021 12:19:33 AM,False,3764,Accepted,
28550323,KSP0100,KY STATE POLICE POST 01,Accepted,LYON,I 0024,,I24 E,,,,,,,,,37.054095524,-88.030028242,44.971,8/21/2021 12:00:00 AM,1338,1,1,0,0,RAINING,WET,False,OTHER ROADWAY OR MID-BLOCK COLLISION,SINGLE VEHICLE,STRAIGHT & LEVEL,OTHER,,,8/23/2021 9:33:40 AM,False,402,Accepted,
30298356,KSP0300,KY STATE POLICE POST 03,Accepted,WARREN,I 0065,,I65 S,,,,,,,,,36.972667937,-86.393810126,25.315,8/21/2021 12:00:00 AM,0916,2,2,0,1,CLOUDY,DRY,False,REAR END IN TRAFFIC LANES BOTH VEHICLES MOVING,REAR END,STRAIGHT & LEVEL,DAYLIGHT,,,7/13/2022 5:28:30 PM,False,446,Accepted,
28544403,0080000,BOONE COUNTY SHERIFF DEPT.,Accepted,BOONE,I 0075,,I75 N,,,,,,,,,38.921225997,-84.629453409,175.635,8/20/2021 12:00:00 AM,0839,2,2,0,0,CLEAR,DRY,False,REAR END IN TRAFFIC LANES BOTH VEHICLES MOVING,REAR END,STRAIGHT & LEVEL,DAYLIGHT,,,8/21/2021 9:35:36 AM,False,3710,Accepted,
28541670,1110000,TRIGG COUNTY SHERIFF DEPT.,Accepted,TRIGG,I 0024,,I24 E,,,,,,,,,36.937239844,-87.825656308,59.046,8/20/2021 12:00:00 AM,0405,1,1,0,0,CLEAR,DRY,False,OTHER COLLISIONS ON SHOULDER,SINGLE VEHICLE,STRAIGHT & GRADE,DARK-HWY NOT LIGHTED,,,8/20/2021 2:24:03 PM,False,206,Accepted,
28559898,0080000,BOONE COUNTY SHERIFF DEPT.,Accepted,BOONE,I 0075,,I75 S,,,I 0075,I75 S EXIT175 ON RAMP FROM  RICHWOOD DR,,,,,38.914326453,-84.628816197,175.146,8/20/2021 12:00:00 AM,1002,2,2,0,0,CLEAR,DRY,False,SIDESWIPE-SAME DIRECTION,SIDESWIPE-SAME DIRECTION,STRAIGHT & LEVEL,DAYLIGHT,,,8/25/2021 10:39:35 AM,False,3202,Accepted,
28550793,0590100,COVINGTON POLICE DEPARTMENT,Accepted,KENTON,I 0075,,I75 N,,,,,,,,,39.080084033,-84.521919239,190.783,8/20/2021 12:00:00 AM,2304,2,2,0,0,CLEAR,DRY,False,SIDESWIPE COLLISION - SAME DIRECTION,SIDESWIPE-SAME DIRECTION,STRAIGHT & LEVEL,DARK-HWY LIGHTED/ON,,,8/23/2021 11:15:50 AM,False,0265,Accepted,
28538613,0030100,LAWRENCEBURG POLICE DEPARTMENT,Accepted,ANDERSON,US0127B,,BYPASS,,N,,,,,,,38.032925481,-84.912183196,4.122,8/19/2021 12:00:00 AM,1743,2,2,0,0,CLEAR,DRY,False,SIDESWIPE COLLISION - SAME DIRECTION,SIDESWIPE-SAME DIRECTION,STRAIGHT & LEVEL,DAYLIGHT,,,8/19/2021 7:33:20 PM,False,132,Accepted,
28542548,0080000,BOONE COUNTY SHERIFF DEPT.,Accepted,BOONE,KY0237,,PLEASANT VALLEY,RD,,,,,FOUNDERS,,THUNDER RIDGE,38.986313495,-84.692905275,3.556,8/19/2021 12:00:00 AM,1520,2,2,0,0,CLEAR,DRY,False,SIDESWIPE COLLISION - SAME DIRECTION,SIDESWIPE-SAME DIRECTION,STRAIGHT & HILLCREST,DAYLIGHT,,,8/20/2021 5:40:09 PM,False,3764,Accepted,
28636840,0150200,LEBANON JUNCTION POLICE DEPT.,Accepted,BULLITT,I 0065,,I65 S,,,,,,,,,37.833568452,-85.717885098,105.129,8/19/2021 12:00:00 AM,2000,2,2,0,0,CLEAR,DRY,True,OTHER ROADWAY OR MID-BLOCK COLLISION,REAR TO REAR,STRAIGHT & GRADE,DAYLIGHT,,,9/9/2021 11:42:45 AM,False,602,Accepted,
28540376,KSP0400,KY STATE POLICE POST 04,Accepted,HARDIN,I 0065,,I65 S,,,,,,,,,37.803797962,-85.748036540,102.485,8/19/2021 12:00:00 AM,1042,1,1,0,0,CLEAR,DRY,False,OTHER COLLISIONS ON SHOULDER,SINGLE VEHICLE,STRAIGHT & LEVEL,DAYLIGHT,,,8/20/2021 8:52:47 AM,False,351,Accepted,
28543585,1140000,WARREN COUNTY SHERIFF DEPT.,Accepted,WARREN,KY0234,,CEMETERY,RD,,,,,,,,36.929322616,-86.289408318,3.594,8/19/2021 12:00:00 AM,0649,1,1,0,0,CLOUDY,WET,False,OTHER COLLISIONS ON SHOULDER,SINGLE VEHICLE,STRAIGHT & LEVEL,DAWN,,,8/21/2021 12:38:37 AM,False,431,Accepted,
28550207,KSP0900,KY STATE POLICE POST 09,Accepted,PIKE,US0460,,SHELBIANA,RD,,,,,,,,37.416624123,-82.453734626,4.511,8/19/2021 12:00:00 AM,1942,2,2,0,0,RAINING,WET,False,REAR END IN TRAFFIC LANES BOTH VEHICLES MOVING,REAR END,STRAIGHT & LEVEL,DAYLIGHT,,,8/23/2021 9:12:06 AM,False,101,Accepted,
28541040,0930400,OLDHAM COUNTY POLICE DEPT.,Accepted,OLDHAM,I 0071,,I71 S,,,,,I 0071,I71 S REST AREA13 OFF RAMP,I 0071,I71 S REST AREA13 ON RAMP,38.338564496,-85.520678169,12.805,8/18/2021 12:00:00 AM,0745,3,3,0,0,CLEAR,DRY,False,REAR END IN TRAFFIC LANES BOTH VEHICLES MOVING,REAR END,STRAIGHT & LEVEL,DAYLIGHT,,,8/20/2021 11:38:01 AM,True,3071,Accepted,
28541042,0930400,OLDHAM COUNTY POLICE DEPT.,Accepted,OLDHAM,I 0071,,I71 S,,,,,I 0071,I71 S EXIT14 OFF RAMP TO KY329,I 0071,I71 S EXIT17 ON RAMP FROM KY146,38.350723928,-85.484006793,14.975,8/18/2021 12:00:00 AM,1427,2,2,0,0,CLEAR,DRY,False,REAR END IN TRAFFIC LANES BOTH VEHICLES MOVING,REAR END,STRAIGHT & LEVEL,DAYLIGHT,,,8/20/2021 11:38:21 AM,False,3071,Accepted,
28551588,0370200,KY STATE POLICE CVE,Accepted,HENRY,I 0071,,I71 N,,,,,,,,,38.458851482,-85.293150783,27.960,8/18/2021 12:00:00 AM,1225,2,2,0,0,CLEAR,DRY,False,REAR END IN TRAFFIC LANES BOTH VEHICLES MOVING,REAR END,STRAIGHT & GRADE,DAYLIGHT,,,8/23/2021 2:16:36 PM,False,C-109,Accepted,
28549619,0730000,MCCRACKEN COUNTY SHERIFF DEPT.,Accepted,MCCRACKEN,US0045,,US45,,,,,,LOVELACEVILLE FLORENCE STATION,KY1288,KY1288,36.979897757,-88.676667166,2.612,8/18/2021 12:00:00 AM,2229,1,1,0,0,CLEAR,DRY,False,OTHER ROADWAY OR MID-BLOCK COLLISION,SINGLE VEHICLE,STRAIGHT & LEVEL,DARK-HWY NOT LIGHTED,,,8/23/2021 6:46:31 AM,False,15,Accepted,
28542313,KSP0300,KY STATE POLICE POST 03,Accepted,WARREN,I 0065,,I65 S,,,,,,,,,36.916648628,-86.428786414,21.000,8/18/2021 12:00:00 AM,1512,2,2,0,0,RAINING,WET,False,SIDESWIPE COLLISION - SAME DIRECTION,SIDESWIPE-SAME DIRECTION,STRAIGHT & LEVEL,DAYLIGHT,,,8/20/2021 4:47:16 PM,False,C-329,Accepted,
28537434,0591700,EDGEWOOD POLICE DEPARTMENT,Accepted,KENTON,,440,TUPMAN,DR,,,DUDLEY,,,,,39.006745973,-84.561509274,0.017,8/18/2021 12:00:00 AM,1535,2,2,0,0,CLEAR,DRY,False,SIDESWIPE-SAME DIRECTION,SIDESWIPE-SAME DIRECTION,STRAIGHT & LEVEL,DAYLIGHT,,,8/19/2021 2:33:30 PM,False,ED31,Accepted,
28534021,0100100,ASHLAND POLICE DEPARTMENT,Accepted,BOYD,US0023,,GREENUP,AVE,,US0023S,13TH,,,,,38.481141924,-82.642244115,18.561,8/18/2021 12:00:00 AM,1331,2,2,0,0,CLEAR,DRY,False,OPPOSITE DIRECTION - BOTH VEHICLES GOING STRAIGHT AHEAD,SIDESWIPE-OPPOSITE DIRECTION,STRAIGHT & LEVEL,DAYLIGHT,,,8/18/2021 5:22:10 PM,False,1515,Accepted,
28555160,0370200,KY STATE POLICE CVE,Accepted,HENRY,I 0071,,I71 N,,,,,,,,,38.458753591,-85.293286961,27.950,8/18/2021 12:00:00 AM,1407,2,2,0,0,CLEAR,DRY,False,SIDESWIPE COLLISION - SAME DIRECTION,SIDESWIPE-SAME DIRECTION,STRAIGHT & GRADE,DAYLIGHT,,,8/24/2021 10:39:34 AM,True,C-109,Accepted,
28557934,0080200,FLORENCE POLICE DEPARTMENT,Accepted,BOONE,I 0075,,I75 N,,,,,I 0075,I75 N EXIT180 OFF RAMP TO US42,I 0075,I75 N EXIT180 ON RAMP FROM US42,38.985111442,-84.641604460,180.036,8/17/2021 12:00:00 AM,2041,2,2,0,3,CLOUDY,DRY,False,SIDESWIPE COLLISION - SAME DIRECTION,SIDESWIPE-SAME DIRECTION,STRAIGHT & LEVEL,DARK-HWY LIGHTED/ON,,,8/24/2021 10:43:09 PM,False,23,Accepted,
28541723,0430100,LEITCHFIELD POLICE DEPARTMENT,Accepted,GRAYSON,KY0920,,SALT RIVER,RD,,,,,,,,37.487024355,-86.286798285,0.197,8/17/2021 12:00:00 AM,1039,2,2,0,0,CLOUDY,DRY,False,SIDESWIPE COLLISION - OPPOSITE DIRECTION,SIDESWIPE-OPPOSITE DIRECTION,STRAIGHT & GRADE,DAYLIGHT,,,8/20/2021 2:44:43 PM,False,16,Accepted,
28916536,0960000,PENDLETON CTY SHERIFF DEPT.,Accepted,PENDLETON,,,WAGNERS FERRY,RD,,,,,,,,38.662377268,-84.299501962,2.115,8/17/2021 12:00:00 AM,1145,2,2,0,0,CLEAR,DRY,False,1 VEHICLE PARKED POSITION (NOT PARKING LOT/DRIVEWAY),SIDESWIPE-SAME DIRECTION,STRAIGHT & LEVEL,DAYLIGHT,,,10/18/2021 10:03:08 AM,False,200,Accepted,
28554676,0970000,PERRY COUNTY SHERIFF,Accepted,PERRY,,,CRAWFORD MOUNTAIN,RD,,,,,,,,37.286886443,-83.218092442,0.005,8/17/2021 12:00:00 AM,1515,2,2,0,0,RAINING,WET,False,OTHER ROADWAY OR MID-BLOCK COLLISION,REAR END,STRAIGHT & HILLCREST,DAYLIGHT,,,8/24/2021 8:52:15 AM,False,505,Accepted,
28573702,1040000,RUSSELL COUNTY SHERIFF DEPT.,Accepted,RUSSELL,US0127,,US127 BUS,,,,,,,,,37.105952471,-85.056723800,21.813,8/17/2021 12:00:00 AM,1430,2,1,0,0,CLEAR,DRY,False,OTHER ROADWAY OR MID-BLOCK COLLISION,REAR END,STRAIGHT & GRADE,DAYLIGHT,,,8/29/2021 3:07:42 AM,False,1451,Accepted,
28539261,0470100,ELIZABETHTOWN POLICE DEPT.,Accepted,HARDIN,US0031W,,DIXIE,AVE,N,,TOWNE CTR ACCESS,,,,,37.733925567,-85.887066854,19.901,8/17/2021 12:00:00 AM,1840,2,2,0,0,CLEAR,DRY,False,ANGLE COLLISION - OTHER,ANGLE,STRAIGHT & LEVEL,DAYLIGHT,,,8/19/2021 11:49:52 PM,False,0130,Accepted,
28560835,0760100,BEREA POLICE DEPARTMENT,Accepted,MADISON,,,MAYDE,RD,,,,,,,,37.606203478,-84.308717442,0.525,8/17/2021 12:00:00 AM,1607,2,2,0,0,CLEAR,DRY,False,1 VEHICLE ENTERING/LEAVING ENTRANCE,ANGLE,STRAIGHT & LEVEL,DAYLIGHT,,,8/25/2021 2:46:52 PM,False,3315MK,Accepted,
28539208,0470100,ELIZABETHTOWN POLICE DEPT.,Accepted,HARDIN,US0031W,,DIXIE,AVE,N,KY3005,RING,,,,,37.728289890,-85.884269324,19.487,8/16/2021 12:00:00 AM,1729,2,2,0,1,RAINING,WET,False,ANGLE COLLISION - OTHER,ANGLE,STRAIGHT & LEVEL,DAYLIGHT,,,8/19/2021 11:37:20 PM,False,0152,Accepted,
28528606,1050000,SCOTT COUNTY SHERIFF DEPT.,Accepted,SCOTT,KY0620,828,BURTON,PIKE,,,,,,,,38.294252975,-84.590239018,4.005,8/16/2021 12:00:00 AM,1454,2,2,0,0,CLEAR,DRY,False,1 VEHICLE PARKED POSITION (NOT PARKING LOT/DRIVEWAY),BACKING,STRAIGHT & LEVEL,DAYLIGHT,,,8/17/2021 2:28:09 PM,False,220,Accepted,
28533834,0150000,BULLITT COUNTY SHERIFF DEPT.,Accepted,BULLITT,I 0065,,I65 S,,,,,,,,,37.814868557,-85.737467633,103.441,8/16/2021 12:00:00 AM,1520,2,2,0,1,CLOUDY,WET,False,REAR END IN TRAFFIC LANES BOTH VEHICLES MOVING,REAR END,STRAIGHT & LEVEL,DAYLIGHT,,,8/18/2021 4:37:49 PM,False,1031,Accepted,
28532049,KSP0300,KY STATE POLICE POST 03,Accepted,WARREN,I 0065,,I65 N,,,,,,,,,36.865879923,-86.451295154,17.281,8/16/2021 12:00:00 AM,1554,3,3,0,2,RAINING,WET,False,REAR END IN TRAFFIC LANES BOTH VEHICLES MOVING,REAR END,STRAIGHT & LEVEL,DAYLIGHT,,,8/18/2021 8:29:53 AM,False,261,Accepted,
28525753,KSP0300,KY STATE POLICE POST 03,Accepted,WARREN,I 0065,,I65 N,,,,,,,,,36.864410806,-86.451964505,17.173,8/16/2021 12:00:00 AM,1632,2,2,0,0,FOG,DRY,False,REAR END IN TRAFFIC LANES BOTH VEHICLES MOVING,REAR END,STRAIGHT & LEVEL,DAYLIGHT,,,8/16/2021 8:09:03 PM,True,203,Accepted,
28528327,KSP0300,KY STATE POLICE POST 03,Accepted,WARREN,I 0065,,I65 N,,,,,,,,,36.943232470,-86.412891810,23.037,8/16/2021 12:00:00 AM,1413,2,2,0,0,RAINING,WET,False,SIDESWIPE COLLISION - SAME DIRECTION,SIDESWIPE-SAME DIRECTION,STRAIGHT & LEVEL,DAYLIGHT,,,8/17/2021 1:33:11 PM,False,585,Accepted,