IncidentID,AgencyORI,AgencyName,IncidentStatusDesc,County,RdwyNumber,Street,RoadwayName,StreetSfx,StreetDir,IntersectionRdwy,IntersectionRdwyName,BetweenStRdwy1,BetweenStRdwyName1,BetweenStRdwy2,BetweenStRdwyName2,Latitude,Longitude,Milepoint,CollisionDate,CollisionTime,UnitsInvolved,MotorVehiclesInvolved,NumberKilled,NumberInjured,Weather,RdwyConditionCode,HitandRun,DirAnalysisCode,MannerofCollision,RdwyCharacter,LightCondition,RampFromRdwyId,RampToRdwyId,AcceptedDate,IsSecondaryCollision,OwnerBadge,IncidentStatus,
28187315,0590100,COVINGTON POLICE DEPARTMENT,Accepted,KENTON,I 0075,,I75 N,,,,,,,,,39.084029016,-84.522516591,191.064,5/20/2021 12:00:00 AM,0942,3,3,0,0,CLOUDY,DRY,False,OTHER ROADWAY OR MID-BLOCK COLLISION,REAR END,STRAIGHT & LEVEL,DAYLIGHT,,,5/28/2021 8:09:39 AM,False,0159,Accepted,
28174063,1000000,PULASKI COUNTY SHERIFF DEPT.,Accepted,PULASKI,KY0461,,KY461,,,,,,,,,37.185298153,-84.473412631,2.219,5/19/2021 12:00:00 AM,1539,2,2,0,0,CLEAR,DRY,False,REAR END IN TRAFFIC LANES BOTH VEHICLES MOVING,REAR END,STRAIGHT & LEVEL,DAYLIGHT,,,5/25/2021 11:56:12 AM,False,1135,Accepted,
28156477,KSP0400,KY STATE POLICE POST 04,Accepted,HARDIN,I 0065,,I65 S,,,,,,,,,37.810280883,-85.742083247,103.039,5/18/2021 12:00:00 AM,1526,2,2,0,0,CLEAR,DRY,False,SIDESWIPE COLLISION - SAME DIRECTION,SIDESWIPE-SAME DIRECTION,STRAIGHT & LEVEL,DAYLIGHT,,,5/20/2021 10:42:42 PM,False,370,Accepted,
28146846,KSP0300,KY STATE POLICE POST 03,Accepted,WARREN,I 0065,,I65 S,,,,,,,,,36.826958888,-86.468571243,14.432,5/18/2021 12:00:00 AM,1300,2,2,0,0,CLOUDY,DRY,False,SIDESWIPE COLLISION - SAME DIRECTION,SIDESWIPE-SAME DIRECTION,STRAIGHT & LEVEL,DAYLIGHT,,,5/18/2021 6:44:19 PM,False,957,Accepted,
28149038,0568000,LOUISVILLE METRO POLICE DEPT,Accepted,JEFFERSON,US0150,,BROADWAY,,E,,FLOYD,,,,,38.245436975,-85.749725062,2.843,5/18/2021 12:00:00 AM,0955,2,2,0,0,CLOUDY,DRY,False,SIDESWIPE-SAME DIRECTION,SIDESWIPE-SAME DIRECTION,STRAIGHT & LEVEL,DAYLIGHT,,,5/19/2021 8:22:40 AM,False,5338,Accepted,
28149884,1200100,VERSAILLES POLICE DEPARTMENT,Accepted,WOODFORD,US0060,,FRANKFORT,RD,,,,,,,,38.065517176,-84.735704465,7.878,5/18/2021 12:00:00 AM,1744,1,1,0,0,CLEAR,DRY,False,COLLISION WITH NON-FIXED OBJECT ,SINGLE VEHICLE,CURVE & LEVEL,DAYLIGHT,,,5/19/2021 11:10:15 AM,False,144,Accepted,
28153601,0080000,BOONE COUNTY SHERIFF DEPT.,Accepted,BOONE,KY0237,,PLEASANT VALLEY,RD,,,,,THUNDER RIDGE,,WOODCREEK,38.984701477,-84.687044634,3.220,5/17/2021 12:00:00 AM,1026,2,2,0,1,RAINING,WET,False,SIDESWIPE COLLISION - OPPOSITE DIRECTION,SIDESWIPE-OPPOSITE DIRECTION,CURVE & HILLCREST,DAYLIGHT,,,5/20/2021 7:56:10 AM,False,3721,Accepted,
28190476,0470100,ELIZABETHTOWN POLICE DEPT.,Accepted,HARDIN,KY3005,,RING,RD,,KY3005,RING,,,,,37.728194651,-85.884155556,6.534,5/17/2021 12:00:00 AM,1737,2,1,0,0,CLOUDY,DRY,False,ANGLE COLLISION - OTHER,ANGLE,STRAIGHT & LEVEL,DAYLIGHT,,,5/29/2021 3:02:57 AM,False,0094,Accepted,
28144964,0568000,LOUISVILLE METRO POLICE DEPT,Accepted,JEFFERSON,US0150,,BROADWAY,,E,KY0864,SHELBY,,,,,38.244661213,-85.739565568,3.402,5/17/2021 12:00:00 AM,0820,2,2,0,2,CLOUDY,DRY,False,ANGLE COLLISION - OTHER,ANGLE,STRAIGHT & LEVEL,DAYLIGHT,,,5/18/2021 9:58:27 AM,False,5338,Accepted,
28139992,0568000,LOUISVILLE METRO POLICE DEPT,Accepted,JEFFERSON,US0150,,BROADWAY,,E,KY0864,SHELBY,,,,,38.244717264,-85.739524714,3.402,5/16/2021 12:00:00 AM,2158,2,2,0,0,CLEAR,DRY,False,ANGLE COLLISION - ONE VEHICLE TURNING LEFT,ANGLE,STRAIGHT & LEVEL,DARK-HWY LIGHTED/ON,,,5/17/2021 8:39:17 AM,False,5268,Accepted,
28140485,KSP0400,KY STATE POLICE POST 04,Accepted,HARDIN,I 0065,,I65 N,,,,,,,,,37.798732502,-85.751106075,102.066,5/16/2021 12:00:00 AM,1705,2,2,0,2,CLEAR,DRY,False,REAR END IN TRAFFIC LANES BOTH VEHICLES MOVING,REAR END,STRAIGHT & LEVEL,DAYLIGHT,,,5/17/2021 9:58:33 AM,False,875,Accepted,
28198606,KSP0400,KY STATE POLICE POST 04,Accepted,HARDIN,I 0065,,I65 S,,,,,,,,,37.805510845,-85.746808858,,5/16/2021 12:00:00 AM,0120,2,2,0,0,CLEAR,WET,True,SIDESWIPE COLLISION - SAME DIRECTION,SIDESWIPE-SAME DIRECTION,STRAIGHT & LEVEL,DARK-HWY LIGHTED/ON,,,5/31/2021 10:16:35 PM,False,326,Accepted,
28140682,0590100,COVINGTON POLICE DEPARTMENT,Accepted,KENTON,I 0075,,I75 N,,,,,,,,,39.063127057,-84.523301505,189.490,5/14/2021 12:00:00 AM,1500,2,2,0,0,CLEAR,DRY,False,SIDESWIPE COLLISION - SAME DIRECTION,SIDESWIPE-SAME DIRECTION,CURVE & GRADE,DAYLIGHT,,,5/17/2021 10:38:37 AM,False,0310,Accepted,
28137041,0730000,MCCRACKEN COUNTY SHERIFF DEPT.,Accepted,MCCRACKEN,I 0024,2.2 MM,I24 W,,,,,,,,,37.128235573,-88.689061801,0.767,5/14/2021 12:00:00 AM,1142,3,3,0,0,CLEAR,DRY,False,REAR END IN TRAFFIC LANES BOTH VEHICLES MOVING,REAR END,STRAIGHT & LEVEL,DAYLIGHT,,,5/16/2021 9:06:35 AM,False,26,Accepted,
28140007,0568000,LOUISVILLE METRO POLICE DEPT,Accepted,JEFFERSON,I 0264,,I264 W,,,,,,,,,38.190198649,-85.732932712,11.908,5/14/2021 12:00:00 AM,2327,2,2,0,0,CLEAR,DRY,False,REAR END IN TRAFFIC LANES BOTH VEHICLES MOVING,REAR END,STRAIGHT & LEVEL,DARK-HWY LIGHTED/ON,,,5/17/2021 8:40:02 AM,False,7046,Accepted,
28142072,0630000,LAUREL COUNTY SHERIFF DEPT.,Accepted,LAUREL,I 0075,,I75 S,,,,,,,,,36.986362933,-84.109574158,29.520,5/14/2021 12:00:00 AM,1320,3,3,0,0,CLEAR,DRY,False,REAR END IN TRAFFIC LANES BOTH VEHICLES MOVING,REAR END,STRAIGHT & LEVEL,DAYLIGHT,,,5/17/2021 4:27:20 PM,False,1119,Accepted,
28130209,0590100,COVINGTON POLICE DEPARTMENT,Accepted,KENTON,I 0075,,I75 N,,,,,,,,,39.084443708,-84.522545020,191.094,5/13/2021 12:00:00 AM,1036,2,2,0,0,CLEAR,DRY,False,REAR END IN TRAFFIC LANES BOTH VEHICLES MOVING,REAR END,STRAIGHT & LEVEL,DAYLIGHT,,,5/14/2021 8:16:40 AM,False,0254,Accepted,
28130214,0590100,COVINGTON POLICE DEPARTMENT,Accepted,KENTON,I 0075,,I75 N,,,,,,,,,39.080986274,-84.522193058,190.849,5/13/2021 12:00:00 AM,1708,2,2,0,0,CLEAR,DRY,False,SIDESWIPE COLLISION - SAME DIRECTION,SIDESWIPE-SAME DIRECTION,STRAIGHT & LEVEL,DAYLIGHT,,,5/14/2021 8:17:00 AM,False,0311,Accepted,
28133581,0430000,GRAYSON COUNTY SHERIFF DEPT.,Accepted,GRAYSON,WK9001,,WK9001 E,,,,,,,,,37.466485446,-86.287875967,107.253,5/13/2021 12:00:00 AM,1501,1,1,0,0,CLEAR,DRY,False,OTHER ROADWAY OR MID-BLOCK COLLISION,SINGLE VEHICLE,STRAIGHT & GRADE,DAYLIGHT,,,5/15/2021 2:07:47 AM,False,106,Accepted,
28126747,0340200,LEXINGTON POLICE DEPARTMENT,Accepted,FAYETTE,US0060,,VERSAILLES,RD,,,,KY1968,PARKERS MILL,,ALEXANDRIA,38.046627938,-84.553595842,5.315,5/12/2021 12:00:00 AM,0835,2,2,0,0,CLEAR,DRY,True,SIDESWIPE COLLISION - SAME DIRECTION,SIDESWIPE-SAME DIRECTION,STRAIGHT & LEVEL,DAYLIGHT,,,5/13/2021 12:22:14 PM,False,56412,Accepted,
28130692,0590100,COVINGTON POLICE DEPARTMENT,Accepted,KENTON,I 0075,,I75 N,,,,,,,,,39.082638794,-84.522385215,190.967,5/12/2021 12:00:00 AM,1132,2,2,0,0,CLEAR,DRY,False,SIDESWIPE COLLISION - SAME DIRECTION,SIDESWIPE-SAME DIRECTION,STRAIGHT & GRADE,DAWN,,,5/14/2021 10:07:40 AM,False,0159,Accepted,
28126646,0080500,CINCINNATI-N KY INT AIRPORT PD,Accepted,BOONE,,,WENDELL H FORD,BLVD,,,,,,,,39.033265151,-84.658401998,0.388,5/12/2021 12:00:00 AM,0715,2,2,0,0,CLEAR,DRY,False,SIDESWIPE COLLISION - SAME DIRECTION,SIDESWIPE-SAME DIRECTION,STRAIGHT & LEVEL,DAYLIGHT,,,5/13/2021 11:54:18 AM,False,354,Accepted,
28130299,0560400,SHIVELY POLICE DEPARTMENT,Accepted,JEFFERSON,I 0264,,I264 W,,,,,,,,,38.201033355,-85.827275096,5.667,5/12/2021 12:00:00 AM,2142,2,2,0,0,CLEAR,DRY,True,REAR END IN TRAFFIC LANES BOTH VEHICLES MOVING,REAR END,STRAIGHT & LEVEL,DARK-HWY LIGHTED/ON,,,5/14/2021 8:46:16 AM,False,7128,Accepted,
28136100,0890200,CENTRAL CITY POLICE DEPARTMENT,Accepted,MUHLENBERG,US0062,400,EVERLY BROTHERS,BLVD,,,,,,,,37.289108763,-87.119353891,17.940,5/12/2021 12:00:00 AM,1505,2,2,0,0,CLEAR,DRY,False,REAR END IN TRAFFIC LANES BOTH VEHICLES MOVING,REAR END,STRAIGHT & LEVEL,DAYLIGHT,,,5/16/2021 12:35:17 AM,False,165,Accepted,
28158712,0540100,MADISONVILLE POLICE DEPT.,Accepted,HOPKINS,US0041A,,NEBO,RD,,,,,BRIARWOOD,,PRIDE,37.347714947,-87.500804028,0.145,5/12/2021 12:00:00 AM,1331,2,2,0,0,CLEAR,DRY,False,OTHER ROADWAY OR MID-BLOCK COLLISION,REAR END,STRAIGHT & LEVEL,DAYLIGHT,,,5/21/2021 12:30:31 PM,False,65,Accepted,
28126996,0160000,BUTLER COUNTY SHERIFF DEPT.,Accepted,BUTLER,US0231,,BOWLING GREEN,RD,,,,,,,,37.142444613,-86.658848646,3.683,5/12/2021 12:00:00 AM,0922,2,2,0,0,CLEAR,DRY,False,OTHER ROADWAY OR MID-BLOCK COLLISION,REAR END,STRAIGHT & LEVEL,DAYLIGHT,,,5/13/2021 1:52:22 PM,False,164,Accepted,
28134761,0080000,BOONE COUNTY SHERIFF DEPT.,Accepted,BOONE,KY0338,,RICHWOOD,RD,,,,I 0075,I75 N EXIT175 ON RAMP FROM  RICHWOOD DR,,BEST PAL,38.918113909,-84.626384398,0.120,5/12/2021 12:00:00 AM,1705,2,2,0,0,CLEAR,DRY,False,VEHICLE BACKING NON INTERSECTION,BACKING,STRAIGHT & GRADE,DAYLIGHT,,,5/15/2021 3:14:53 PM,False,3713,Accepted,
28121372,0568000,LOUISVILLE METRO POLICE DEPT,Accepted,JEFFERSON,I 0265,,I265 S,,,,,I 0265,I265 S EXIT27 ON RAMP FROM US60,I 0064,I265 S EXIT25B RAMP TO I64 W,38.227040806,-85.505378054,25.745,5/11/2021 12:00:00 AM,1004,2,2,0,0,CLOUDY,DRY,False,REAR END IN TRAFFIC LANES BOTH VEHICLES MOVING,REAR END,STRAIGHT & LEVEL,DAYLIGHT,,,5/12/2021 8:12:12 AM,False,7751,Accepted,
28131125,1140000,WARREN COUNTY SHERIFF DEPT.,Accepted,WARREN,I 0165,,,,,I 0165,WN9007 S,,,,,36.992954511,-86.504390890,0.191,5/11/2021 12:00:00 AM,1505,2,2,0,0,CLEAR,DRY,False,OTHER INTERSECTION COLLISIONS,REAR END,CURVE & GRADE,DAYLIGHT,,,5/14/2021 12:33:39 PM,False,409,Accepted,
28132476,KSP0300,KY STATE POLICE POST 03,Accepted,WARREN,I 0065,,I65 S,,,,,,,,,36.817970876,-86.472809843,13.770,5/11/2021 12:00:00 AM,0639,2,2,0,0,CLEAR,DRY,True,SIDESWIPE COLLISION - SAME DIRECTION,SIDESWIPE-SAME DIRECTION,STRAIGHT & LEVEL,DAYLIGHT,,,5/14/2021 6:31:26 PM,False,986,Accepted,
28158683,KSP0300,KY STATE POLICE POST 03,Accepted,WARREN,I 0065,,I65 S,,,,,,,,,36.898823008,-86.438239737,19.665,5/11/2021 12:00:00 AM,0038,2,2,0,0,CLEAR,DRY,True,SIDESWIPE COLLISION - SAME DIRECTION,SIDESWIPE-SAME DIRECTION,STRAIGHT & LEVEL,DARK-HWY LIGHTED/ON,,,5/21/2021 12:18:02 PM,False,492,Accepted,
28130467,0790000,MARSHALL COUNTY SHERIFF DEPT.,Accepted,MARSHALL,I 0024,,I24 E,,,,,,,,,37.012870557,-88.313283381,27.521,5/11/2021 12:00:00 AM,1115,2,2,0,0,CLEAR,DRY,False,SIDESWIPE COLLISION - SAME DIRECTION,SIDESWIPE-SAME DIRECTION,STRAIGHT & LEVEL,DAYLIGHT,,,5/14/2021 9:10:30 AM,False,57,Accepted,
28124858,1140000,WARREN COUNTY SHERIFF DEPT.,Accepted,WARREN,I 0065,,I65 S,,,,,,,,,36.939602612,-86.415425234,22.736,5/11/2021 12:00:00 AM,0529,2,2,0,0,CLEAR,DRY,False,SIDESWIPE COLLISION - SAME DIRECTION,SIDESWIPE-SAME DIRECTION,STRAIGHT & LEVEL,DAWN,,,5/13/2021 1:25:01 AM,False,431,Accepted,
28153549,0430000,GRAYSON COUNTY SHERIFF DEPT.,Accepted,GRAYSON,WK9001,,WK9001 W,,,,,,,,,37.477812808,-86.240658029,109.936,5/11/2021 12:00:00 AM,2228,1,1,0,0,CLEAR,DRY,False,OTHER ROADWAY OR MID-BLOCK COLLISION,SINGLE VEHICLE,STRAIGHT & LEVEL,DARK-HWY NOT LIGHTED,,,5/20/2021 7:45:07 AM,False,104,Accepted,
28121847,KSP1100,KY STATE POLICE POST 11,Accepted,WHITLEY,I 0075,,I75 N,,,,,,,,,36.668579826,-84.134877696,5.921,5/10/2021 12:00:00 AM,1505,2,2,0,0,CLOUDY,DRY,False,SIDESWIPE COLLISION - SAME DIRECTION,SIDESWIPE-SAME DIRECTION,STRAIGHT & LEVEL,DAYLIGHT,,,5/12/2021 10:23:24 AM,False,376,Accepted,
28116675,0568000,LOUISVILLE METRO POLICE DEPT,Accepted,JEFFERSON,US0150,,BROADWAY,,E,KY0864,SHELBY,,,,,38.244719722,-85.739526436,3.402,5/10/2021 12:00:00 AM,0704,2,2,0,1,CLEAR,DRY,False,ANGLE COLLISION - OTHER,ANGLE,STRAIGHT & LEVEL,DAYLIGHT,,,5/11/2021 8:38:20 AM,False,5331,Accepted,
28111878,0568000,LOUISVILLE METRO POLICE DEPT,Accepted,JEFFERSON,US0150,,BROADWAY,,E,KY0864,SHELBY,,,,,38.244761682,-85.739561037,3.399,5/9/2021 12:00:00 AM,0043,2,2,0,1,CLEAR,DRY,False,ANGLE COLLISION - OTHER,ANGLE,STRAIGHT & LEVEL,DARK-HWY LIGHTED/ON,,,5/10/2021 8:50:18 AM,True,5331,Accepted,
28111347,1200100,VERSAILLES POLICE DEPARTMENT,Accepted,WOODFORD,US0060,,VERSAILLES,BYP,,,,,BIG SINK,,INDUSTRY,38.060795673,-84.723955214,8.559,5/9/2021 12:00:00 AM,2139,1,1,0,0,CLEAR,DRY,False,RAN OFF ROADWAY (1 VEHICLE WITH/EARTH EMBANKMENT/DITCH),SINGLE VEHICLE,STRAIGHT & LEVEL,DARK-HWY NOT LIGHTED,,,5/10/2021 6:10:09 AM,False,151,Accepted,
28111851,0568000,LOUISVILLE METRO POLICE DEPT,Accepted,JEFFERSON,KY0864,,CAMPBELL,ST,S,US0150,BROADWAY,,,,,38.244456408,-85.737488211,15.432,5/8/2021 12:00:00 AM,1741,2,2,0,0,CLEAR,DRY,False,ANGLE COLLISION - OTHER,ANGLE,STRAIGHT & LEVEL,DAYLIGHT,,,5/10/2021 8:48:45 AM,False,7239,Accepted,
28109800,0080000,BOONE COUNTY SHERIFF DEPT.,Accepted,BOONE,KY0018,,BURLINGTON,PIKE,,,MCGRATH,,,,,39.019967997,-84.695507612,12.128,5/8/2021 12:00:00 AM,1835,2,2,0,0,CLEAR,DRY,False,REAR END - ONE VEHICLE TURNING RIGHT,REAR END,STRAIGHT & LEVEL,DAYLIGHT,,,5/9/2021 6:31:29 PM,False,3305,Accepted,
28111539,0930400,OLDHAM COUNTY POLICE DEPT.,Accepted,OLDHAM,I 0071,,I71 S,,,,,I 0071,I71 S REST AREA13 OFF RAMP,I 0071,I71 S EXIT14 ON RAMP FROM KY329,38.344240498,-85.498210096,14.081,5/8/2021 12:00:00 AM,1325,3,3,0,1,CLEAR,DRY,False,REAR END IN TRAFFIC LANES BOTH VEHICLES MOVING,REAR END,STRAIGHT & LEVEL,DAYLIGHT,,,5/10/2021 7:45:36 AM,False,3071,Accepted,
28126665,0730000,MCCRACKEN COUNTY SHERIFF DEPT.,Accepted,MCCRACKEN,I 0024,,I24 W,,,,,,,,,37.101176307,-88.689264648,2.700,5/8/2021 12:00:00 AM,1520,2,2,0,3,CLEAR,DRY,False,REAR END IN TRAFFIC LANES BOTH VEHICLES MOVING,REAR END,STRAIGHT & LEVEL,DAYLIGHT,,,5/13/2021 12:02:13 PM,False,46,Accepted,
28114925,0890200,CENTRAL CITY POLICE DEPARTMENT,Accepted,MUHLENBERG,US0062,1006,EVERLY BROTHERS,BLVD,,,,,,,,37.281586900,-87.132712699,17.040,5/7/2021 12:00:00 AM,1436,2,2,0,0,CLEAR,DRY,False,REAR END IN TRAFFIC LANES BOTH VEHICLES MOVING,REAR END,STRAIGHT & LEVEL,DAYLIGHT,,,5/10/2021 9:31:49 PM,False,165,Accepted,
28108567,0730000,MCCRACKEN COUNTY SHERIFF DEPT.,Accepted,MCCRACKEN,I 0024,,I24 W,,,,,,,,,37.132301638,-88.687472307,0.472,5/7/2021 12:00:00 AM,1526,3,3,0,0,CLEAR,DRY,False,REAR END IN TRAFFIC LANES BOTH VEHICLES MOVING,REAR END,STRAIGHT & HILLCREST,DAYLIGHT,,,5/9/2021 9:02:35 AM,False,20,Accepted,
28104166,0340200,LEXINGTON POLICE DEPARTMENT,Accepted,FAYETTE,,,REGENCY,RD,,,LOWRY,,,,,38.006927662,-84.524509001,0.523,5/7/2021 12:00:00 AM,1330,2,2,0,0,CLEAR,DRY,False,OTHER INTERSECTION COLLISIONS,REAR END,CURVE & GRADE,DAYLIGHT,,,5/7/2021 6:54:03 PM,False,22512,Accepted,
28116226,0080000,BOONE COUNTY SHERIFF DEPT.,Accepted,BOONE,I 0275,,I275 W,,,,,,,,,39.080300456,-84.714847860,7.305,5/7/2021 12:00:00 AM,0655,3,3,0,0,CLOUDY,DRY,False,REAR END IN TRAFFIC LANES BOTH VEHICLES MOVING,REAR END,STRAIGHT & LEVEL,DAYLIGHT,,,5/11/2021 7:01:20 AM,False,3700,Accepted,
28103588,0190600,NEWPORT POLICE DEPARTMENT,Accepted,CAMPBELL,KY1120,,10TH,ST,E,,,,,,,39.090624108,-84.483079677,1.170,5/7/2021 12:00:00 AM,1050,1,1,0,0,CLEAR,DRY,False,COLLISION WITH FIXED OBJECT NON - INTERSECTION - FIRST EVENT COLLISION 09 - 32 EXCLUDING 16,SINGLE VEHICLE,STRAIGHT & LEVEL,DAYLIGHT,,,5/7/2021 4:20:42 PM,False,0260,Accepted,
28150140,0920000,OHIO COUNTY SHERIFF DEPT.,Accepted,OHIO,WN9007,81,WN9007 N,,,,,,,,,37.470179327,-86.894421691,50.981,5/7/2021 12:00:00 AM,1535,1,1,0,0,CLEAR,DRY,False,OTHER ROADWAY OR MID-BLOCK COLLISION,SINGLE VEHICLE,STRAIGHT & LEVEL,DAYLIGHT,,,5/19/2021 12:19:11 PM,False,1115,Accepted,
28112451,0340200,LEXINGTON POLICE DEPARTMENT,Accepted,FAYETTE,US0060,,VERSAILLES,RD,,,MASON HEADLEY,,,,,38.047411972,-84.544429621,5.813,5/7/2021 12:00:00 AM,1000,2,2,0,0,CLEAR,DRY,True,SIDESWIPE-SAME DIRECTION,SIDESWIPE-SAME DIRECTION,CURVE & LEVEL,DAYLIGHT,,,5/10/2021 10:12:37 AM,False,56412,Accepted,
28112807,0340200,LEXINGTON POLICE DEPARTMENT,Accepted,FAYETTE,KY0004,,,,,,,,,,,38.074334067,-84.510042508,0.221,5/6/2021 12:00:00 AM,1546,2,1,0,0,CLEAR,DRY,False,OTHER RAMP RELATED COLLISIONS NOT LISTED ABOVE,REAR END,STRAIGHT & GRADE,DAYLIGHT,US0025,KY0004,5/10/2021 11:24:39 AM,False,22512,Accepted,
28111609,0340200,LEXINGTON POLICE DEPARTMENT,Accepted,FAYETTE,KY0004,,,,,,,,,,,38.074342112,-84.511347027,0.292,5/6/2021 12:00:00 AM,1746,3,3,0,2,CLEAR,DRY,False,OTHER RAMP RELATED COLLISIONS NOT LISTED ABOVE,REAR END,STRAIGHT & GRADE,DAYLIGHT,US0025,KY0004,5/10/2021 8:00:35 AM,False,22512,Accepted,
28116701,KSP0300,KY STATE POLICE POST 03,Accepted,WARREN,I 0065,,I65 S,,,,,,,,,36.939310931,-86.415746793,22.712,5/6/2021 12:00:00 AM,2218,2,2,0,0,CLEAR,DRY,False,SIDESWIPE COLLISION - SAME DIRECTION,SIDESWIPE-SAME DIRECTION,STRAIGHT & LEVEL,DARK-HWY LIGHTED/ON,,,5/11/2021 8:41:45 AM,False,295,Accepted,
28111701,KSP0400,KY STATE POLICE POST 04,Accepted,HARDIN,I 0065,,I65 N,,,,,,,,,37.791821692,-85.756053778,101.473,5/6/2021 12:00:00 AM,2255,2,2,0,0,CLEAR,DRY,False,SIDESWIPE COLLISION - SAME DIRECTION,SIDESWIPE-SAME DIRECTION,CURVE & LEVEL,DARK-HWY NOT LIGHTED,,,5/10/2021 8:19:39 AM,False,875,Accepted,
28138092,0340200,LEXINGTON POLICE DEPARTMENT,Accepted,FAYETTE,KY0004,,,,,,,,,,,38.073119636,-84.494426955,0.086,5/6/2021 12:00:00 AM,1049,1,1,0,0,CLEAR,DRY,False,COLLISION WITH FIXED OBJECT NOT IN GORE ,SINGLE VEHICLE,CURVE & GRADE,DAYLIGHT,KY0922,KY0004,5/16/2021 6:58:49 PM,False,22512,Accepted,
28102003,0568000,LOUISVILLE METRO POLICE DEPT,Accepted,JEFFERSON,,,HANCOCK,ST,S,US0150,BROADWAY,,,,,38.245138104,-85.743596204,0.687,5/6/2021 12:00:00 AM,2240,2,2,0,2,CLEAR,DRY,False,ANGLE COLLISION - OTHER,ANGLE,STRAIGHT & LEVEL,DARK-HWY LIGHTED/ON,,,5/7/2021 8:07:37 AM,False,5135,Accepted,
28154051,0020000,ALLEN COUNTY SHERIFF DEPT.,Accepted,ALLEN,US0031E,,NEW GALLATIN,RD,,,,,,,,36.703339026,-86.250647977,4.279,5/6/2021 12:00:00 AM,1003,4,4,0,2,CLEAR,DRY,False,OTHER ROADWAY OR MID-BLOCK COLLISION,REAR END,STRAIGHT & LEVEL,DAYLIGHT,,,5/20/2021 9:40:21 AM,False,21,Accepted,
28188270,0630000,LAUREL COUNTY SHERIFF DEPT.,Accepted,LAUREL,I 0075,,I75 S,,,,,,,,,37.215574799,-84.200430423,48.024,5/5/2021 12:00:00 AM,1834,1,1,0,0,CLEAR,DRY,False,OTHER ROADWAY OR MID-BLOCK COLLISION,SINGLE VEHICLE,STRAIGHT & LEVEL,DAYLIGHT,,,5/28/2021 12:30:27 PM,False,1106,Accepted,
28097820,0568000,LOUISVILLE METRO POLICE DEPT,Accepted,JEFFERSON,I 0265,,I265 W,,,,,,,,,38.217812726,-85.506206092,25.105,5/5/2021 12:00:00 AM,1531,2,2,0,0,CLOUDY,DRY,False,SIDESWIPE COLLISION - SAME DIRECTION,SIDESWIPE-SAME DIRECTION,STRAIGHT & GRADE,DAYLIGHT,,,5/6/2021 8:12:09 AM,False,8278,Accepted,
28098860,0370200,KY STATE POLICE CVE,Accepted,LAUREL,I 0075,,I75 N,,,,,,,,,37.182182182,-84.136002893,43.629,5/4/2021 12:00:00 AM,1016,2,2,0,0,RAINING,WATER (STANDING OR MOVING),False,OTHER COLLISIONS ON SHOULDER,ANGLE,STRAIGHT & GRADE,DAYLIGHT,,,5/6/2021 1:43:18 PM,False,C-119,Accepted,
28085945,0568000,LOUISVILLE METRO POLICE DEPT,Accepted,JEFFERSON,I 0265,,I265 E,,,I 0265,I265 E EXIT23 ON RAMP FROM KY155,,,,,38.191789055,-85.508807111,23.336,5/3/2021 12:00:00 AM,0728,2,2,0,1,CLOUDY,WET,False,ANGLE COLLISION - OTHER,ANGLE,STRAIGHT & LEVEL,DAYLIGHT,,,5/3/2021 2:21:10 PM,False,2017,Accepted,
28175393,0730000,MCCRACKEN COUNTY SHERIFF DEPT.,Accepted,MCCRACKEN,I 0024,,I24 W,,,,,,,,,37.133296270,-88.687115196,0.400,5/3/2021 12:00:00 AM,1551,3,3,0,3,CLEAR,DRY,False,REAR END IN TRAFFIC LANES BOTH VEHICLES MOVING,REAR END,STRAIGHT & LEVEL,DAYLIGHT,,,5/25/2021 4:33:47 PM,False,19,Accepted,
28085340,0590100,COVINGTON POLICE DEPARTMENT,Accepted,KENTON,I 0075,,I75 N,,,,,,,,,39.076047886,-84.519446763,190.500,5/2/2021 12:00:00 AM,1423,2,2,0,0,CLEAR,DRY,True,REAR END IN TRAFFIC LANES BOTH VEHICLES MOVING,REAR END,STRAIGHT & LEVEL,DAYLIGHT,,,5/3/2021 12:20:01 PM,False,0292,Accepted,
28085334,0590100,COVINGTON POLICE DEPARTMENT,Accepted,KENTON,I 0075,,I75 N,,,,,,,,,39.073821584,-84.518718653,190.304,5/1/2021 12:00:00 AM,1625,2,2,0,0,CLEAR,DRY,False,REAR END IN TRAFFIC LANES BOTH VEHICLES MOVING,REAR END,CURVE & GRADE,DAYLIGHT,,,5/3/2021 12:19:43 PM,False,0310,Accepted,