IncidentID,AgencyORI,AgencyName,IncidentStatusDesc,County,RdwyNumber,Street,RoadwayName,StreetSfx,StreetDir,IntersectionRdwy,IntersectionRdwyName,BetweenStRdwy1,BetweenStRdwyName1,BetweenStRdwy2,BetweenStRdwyName2,Latitude,Longitude,Milepoint,CollisionDate,CollisionTime,UnitsInvolved,MotorVehiclesInvolved,NumberKilled,NumberInjured,Weather,RdwyConditionCode,HitandRun,DirAnalysisCode,MannerofCollision,RdwyCharacter,LightCondition,RampFromRdwyId,RampToRdwyId,AcceptedDate,IsSecondaryCollision,OwnerBadge,IncidentStatus,
28075899,0340200,LEXINGTON POLICE DEPARTMENT,Accepted,FAYETTE,,366,WALLER,AVE,,,,,CRESCENT,,ROYALTY,38.029884039,-84.517861945,0.411,4/30/2021 12:00:00 AM,1230,2,2,0,0,CLEAR,DRY,False,OTHER ROADWAY OR MID-BLOCK COLLISION,REAR END,CURVE & LEVEL,DAYLIGHT,,,4/30/2021 6:11:26 PM,False,56412,Accepted,
28089173,1060000,SHELBY COUNTY SHERIFF DEPT.,Accepted,SHELBY,KY0053,,MT EDEN,RD,,,,,,,,38.195040782,-85.210277174,6.818,4/30/2021 12:00:00 AM,1144,2,2,0,0,CLEAR,DRY,False,REAR END IN TRAFFIC LANES BOTH VEHICLES MOVING,REAR END,STRAIGHT & LEVEL,DAYLIGHT,,,5/4/2021 9:16:58 AM,False,55,Accepted,
28074014,0568000,LOUISVILLE METRO POLICE DEPT,Accepted,JEFFERSON,,,7TH,ST,S,,SHIPP,,,,,38.226231471,-85.769288552,0.615,4/29/2021 12:00:00 AM,1001,2,2,0,0,RAINING,WATER (STANDING OR MOVING),False,ANGLE COLLISION - OTHER,ANGLE,STRAIGHT & LEVEL,DAYLIGHT,,,4/30/2021 8:30:14 AM,False,2499,Accepted,
28084220,KSP1100,KY STATE POLICE POST 11,Accepted,LAUREL,I 0075,,I75 S,,,,,,,,,37.191796575,-84.146898854,44.541,4/29/2021 12:00:00 AM,1507,2,2,0,0,CLOUDY,DRY,False,REAR END IN TRAFFIC LANES BOTH VEHICLES MOVING,REAR END,STRAIGHT & LEVEL,DAYLIGHT,,,5/3/2021 9:53:19 AM,False,1113,Accepted,
28073611,0150000,BULLITT COUNTY SHERIFF DEPT.,Accepted,BULLITT,I 0065,,I65 S,,,,,I 0065,I65 TURN AROUND109,I 0065,I65 TURN AROUND107,37.869902431,-85.704461039,107.804,4/29/2021 12:00:00 AM,1640,2,2,0,0,RAINING,WET,False,OTHER COLLISIONS ON SHOULDER,SIDESWIPE-SAME DIRECTION,STRAIGHT & LEVEL,DAYLIGHT,,,4/30/2021 6:30:00 AM,False,1266,Accepted,
28067888,0340200,LEXINGTON POLICE DEPARTMENT,Accepted,FAYETTE,,150,LOWRY,LN,W,,,,REGENCY,,HUGUENARD,38.007153834,-84.523005545,0.269,4/28/2021 12:00:00 AM,1100,1,1,0,0,CLOUDY,DRY,False,OCCUPANT FELL FROM MOVING VEHICLE,SINGLE VEHICLE,CURVE & LEVEL,DAYLIGHT,,,4/28/2021 5:25:30 PM,False,56412,Accepted,
28071866,KSP0300,KY STATE POLICE POST 03,Accepted,WARREN,I 0065,,I65 S,,,,,,,,,36.983104003,-86.388332207,26.085,4/28/2021 12:00:00 AM,1842,2,2,0,0,CLOUDY,WET,False,SIDESWIPE COLLISION - SAME DIRECTION,SIDESWIPE-SAME DIRECTION,STRAIGHT & LEVEL,DAYLIGHT,,,4/29/2021 5:35:52 PM,False,389,Accepted,
28063742,0540100,MADISONVILLE POLICE DEPT.,Accepted,HOPKINS,US0041,1235,MAIN,ST,N,,,,,,,37.345749202,-87.498163834,17.363,4/27/2021 12:00:00 AM,1009,1,1,0,1,CLEAR,DRY,False,COLLISION IN PARKING LOT,SINGLE VEHICLE,STRAIGHT & LEVEL,DAYLIGHT,,,4/27/2021 6:58:15 PM,False,57,Accepted,
28065931,0568000,LOUISVILLE METRO POLICE DEPT,Accepted,JEFFERSON,I 0265,,I265 E,,,,,I 0265,I265 E EXIT23 ON RAMP FROM KY155,I 0064,I64 N EXIT25A RAMP TO I64 E,38.198085086,-85.507852437,23.774,4/27/2021 12:00:00 AM,0820,1,1,0,0,CLEAR,DRY,False,OTHER COLLISIONS ON SHOULDER,SINGLE VEHICLE,STRAIGHT & GRADE,DAYLIGHT,,,4/28/2021 8:44:15 AM,False,2017,Accepted,
28067024,0190700,ALEXANDRIA POLICE DEPARTMENT,Accepted,CAMPBELL,KY0009,,AA,HWY,,,,,ENZWEILER,,POPLAR RIDGE,38.983136192,-84.384738073,11.446,4/27/2021 12:00:00 AM,1454,2,2,0,0,CLEAR,DRY,False,REAR END IN TRAFFIC LANES BOTH VEHICLES MOVING,REAR END,STRAIGHT & LEVEL,DAYLIGHT,,,4/28/2021 1:48:33 PM,False,719,Accepted,
28065736,0340300,UNIVERSITY OF KENTUCKY POLICE,Accepted,FAYETTE,US0027,,LIMESTONE,,S,,,,VIRGINIA,,WASHINGTON,38.035456238,-84.508218624,5.132,4/27/2021 12:00:00 AM,1158,2,2,0,0,CLEAR,DRY,False,REAR END IN TRAFFIC LANES BOTH VEHICLES MOVING,REAR END,STRAIGHT & LEVEL,DAYLIGHT,,,4/28/2021 7:59:21 AM,False,5443,Accepted,
28057508,0590100,COVINGTON POLICE DEPARTMENT,Accepted,KENTON,I 0075,,I75 S,,,,,,,,,39.090638063,-84.522590577,191.530,4/25/2021 12:00:00 AM,1827,2,2,0,1,CLEAR,DRY,False,REAR END IN TRAFFIC LANES BOTH VEHICLES MOVING,REAR END,STRAIGHT & LEVEL,DAYLIGHT,,,4/26/2021 12:58:49 PM,False,0305,Accepted,
28066882,0560400,SHIVELY POLICE DEPARTMENT,Accepted,JEFFERSON,I 0264,,,,,I 0264,I264 E EXIT5 ON RAMP FROM KY1934 N,,,,,38.203466988,-85.827613895,0.190,4/25/2021 12:00:00 AM,1654,2,2,0,0,CLEAR,DRY,False,OTHER INTERSECTION COLLISIONS,REAR END,CURVE & HILLCREST,DAYLIGHT,,,4/28/2021 12:45:53 PM,False,7088,Accepted,
28060239,0730000,MCCRACKEN COUNTY SHERIFF DEPT.,Accepted,MCCRACKEN,I 0024,,I24 W,,,,,,,,,37.109604662,-88.692291122,2.090,4/25/2021 12:00:00 AM,1555,3,3,0,2,CLEAR,DRY,False,SIDESWIPE COLLISION - SAME DIRECTION,SIDESWIPE-SAME DIRECTION,STRAIGHT & LEVEL,DAYLIGHT,,,4/27/2021 4:45:26 AM,False,42,Accepted,
28116806,1180000,WHITLEY COUNTY SHERIFF DEPT.,Accepted,WHITLEY,I 0075,,I75 N,,,I 0075,I75 N REST AREA1 ON RAMP,,,,,36.619793449,-84.106613517,1.966,4/24/2021 12:00:00 AM,1000,2,2,0,0,FOG WITH RAIN,WET,False,SIDESWIPE-SAME DIRECTION,SIDESWIPE-SAME DIRECTION,STRAIGHT & LEVEL,DAYLIGHT,,,5/11/2021 9:01:40 AM,False,159,Accepted,
28057494,0590100,COVINGTON POLICE DEPARTMENT,Accepted,KENTON,I 0075,,I75 N,,,,,,,,,39.091673890,-84.522547152,191.602,4/24/2021 12:00:00 AM,1209,2,2,0,0,RAINING,WET,False,1 VEHICLE PARKED POSITION (NOT PARKING LOT/DRIVEWAY),REAR END,CURVE & LEVEL,DAYLIGHT,,,4/26/2021 12:56:42 PM,False,0332,Accepted,
28362310,0150200,LEBANON JUNCTION POLICE DEPT.,Accepted,BULLITT,I 0065,,I65 S,,,,,,,,,37.813557720,-85.738790796,103.327,4/24/2021 12:00:00 AM,1131,2,2,0,0,RAINING,WET,False,REAR END IN TRAFFIC LANES BOTH VEHICLES MOVING,REAR END,STRAIGHT & LEVEL,DAYLIGHT,,,7/13/2021 8:57:06 AM,False,603,Accepted,
28056799,KSP1100,KY STATE POLICE POST 11,Accepted,LAUREL,I 0075,,I75 S,,,,,,,,,37.211108349,-84.181724136,46.921,4/23/2021 12:00:00 AM,1318,3,3,0,2,CLEAR,DRY,False,REAR END IN TRAFFIC LANES BOTH VEHICLES MOVING,REAR END,STRAIGHT & LEVEL,DAYLIGHT,,,4/26/2021 10:15:07 AM,False,376,Accepted,
28098980,0630000,LAUREL COUNTY SHERIFF DEPT.,Accepted,LAUREL,I 0075,42MM,I75 S,,,,,,,,,37.011346443,-84.102423233,31.307,4/23/2021 12:00:00 AM,0800,4,4,0,0,CLEAR,DRY,False,REAR END IN TRAFFIC LANES BOTH VEHICLES MOVING,REAR END,STRAIGHT & LEVEL,DAYLIGHT,,,5/6/2021 2:14:41 PM,False,1129,Accepted,
28056453,0568000,LOUISVILLE METRO POLICE DEPT,Accepted,JEFFERSON,US0031E,2902,BARDSTOWN,RD,,,,,,,,38.217178189,-85.676564552,12.498,4/23/2021 12:00:00 AM,1951,1,1,0,0,CLEAR,DRY,False,OTHER ROADWAY OR MID-BLOCK COLLISION,SINGLE VEHICLE,STRAIGHT & LEVEL,DUSK,,,4/26/2021 9:31:40 AM,False,5331,Accepted,
28061706,0090100,PARIS POLICE DEPARTMENT,Accepted,BOURBON,,,LILLESTON,AVE,,,,,,,,38.215449975,-84.257060338,0.315,4/23/2021 12:00:00 AM,0818,1,1,0,0,CLEAR,DRY,False,COLLISION WITH FIXED OBJECT NON - INTERSECTION - FIRST EVENT COLLISION 09 - 32 EXCLUDING 16,SINGLE VEHICLE,STRAIGHT & GRADE,DAWN,,,4/27/2021 10:42:32 AM,False,506,Accepted,
28065545,0590100,COVINGTON POLICE DEPARTMENT,Accepted,KENTON,I 0075,,I75 N,,,,,,,,,39.090690982,-84.522589062,191.533,4/22/2021 12:00:00 AM,1331,2,1,0,1,CLEAR,DRY,True,OTHER ROADWAY OR MID-BLOCK COLLISION,SINGLE VEHICLE,STRAIGHT & LEVEL,DAYLIGHT,,,4/28/2021 6:54:03 AM,False,0271,Accepted,
28061268,KSP0300,KY STATE POLICE POST 03,Accepted,WARREN,WN9007,,WN9007 S,,,,,,,,,36.992863094,-86.504340697,9.566,4/22/2021 12:00:00 AM,0920,3,3,0,0,CLEAR,DRY,False,SIDESWIPE COLLISION - SAME DIRECTION,SIDESWIPE-SAME DIRECTION,STRAIGHT & LEVEL,DAYLIGHT,,,4/27/2021 9:29:44 AM,True,957,Accepted,
28238946,0590100,COVINGTON POLICE DEPARTMENT,Accepted,KENTON,I 0075,,I75 N,,,,,,,,,39.068094811,-84.520342982,189.867,4/22/2021 12:00:00 AM,2123,2,2,0,0,CLEAR,DRY,True,SIDESWIPE COLLISION - SAME DIRECTION,SIDESWIPE-SAME DIRECTION,STRAIGHT & GRADE,DARK-HWY LIGHTED/ON,,,6/10/2021 11:52:56 AM,False,0159,Accepted,
28057498,0590100,COVINGTON POLICE DEPARTMENT,Accepted,KENTON,I 0075,,I75 N,,,,,,,,,39.071399187,-84.519239739,190.126,4/22/2021 12:00:00 AM,0642,2,2,0,0,CLEAR,DRY,False,REAR END IN TRAFFIC LANES BOTH VEHICLES MOVING,REAR END,STRAIGHT & GRADE,DAYLIGHT,,,4/26/2021 12:56:59 PM,False,0159,Accepted,
28053153,1140000,WARREN COUNTY SHERIFF DEPT.,Accepted,WARREN,,,HILLCREST,RD,,,,,,,,36.963417195,-86.358270752,0.131,4/22/2021 12:00:00 AM,1351,2,2,0,0,CLEAR,DRY,False,REAR END IN TRAFFIC LANES BOTH VEHICLES MOVING,REAR END,STRAIGHT & LEVEL,DAYLIGHT,,,4/25/2021 10:47:24 AM,False,432,Accepted,
28094820,0970100,HAZARD POLICE DEPARTMENT,Accepted,PERRY,KY0015,,KY15,,N,,,,,,,37.279758727,-83.216646735,14.491,4/21/2021 12:00:00 AM,1440,2,2,0,1,CLEAR,DRY,False,REAR END IN TRAFFIC LANES BOTH VEHICLES MOVING,REAR END,STRAIGHT & LEVEL,DAYLIGHT,,,5/5/2021 2:41:49 PM,False,418,Accepted,
28041215,0340200,LEXINGTON POLICE DEPARTMENT,Accepted,FAYETTE,,,HILL VIEW,PL,,,,,TERRACE VIEW,,TERRACE VIEW,38.045345510,-84.533992132,0.086,4/21/2021 12:00:00 AM,1644,2,2,0,0,CLOUDY,DRY,False,VEHICLE BACKING NON INTERSECTION,BACKING,STRAIGHT & LEVEL,DAYLIGHT,,,4/21/2021 7:10:28 PM,False,56413,Accepted,
28042990,0340200,LEXINGTON POLICE DEPARTMENT,Accepted,FAYETTE,KY0004,,NEW CIRCLE,RD,,,,,,,,38.075085152,-84.501915435,0.225,4/21/2021 12:00:00 AM,1311,2,2,0,0,CLOUDY,DRY,False,OTHER RAMP RELATED COLLISIONS NOT LISTED ABOVE,REAR END,CURVE & GRADE,DAYLIGHT,US0025,KY0004,4/22/2021 9:12:06 AM,False,40247,Accepted,
28210824,0150200,LEBANON JUNCTION POLICE DEPT.,Accepted,BULLITT,I 0065,,I65 S,,,,,,,,,37.817069983,-85.735234085,103.632,4/21/2021 12:00:00 AM,0542,1,1,0,0,RAINING,WET,False,OTHER ROADWAY OR MID-BLOCK COLLISION,SINGLE VEHICLE,STRAIGHT & LEVEL,DARK-HWY LIGHTED/OFF,,,6/3/2021 10:32:46 AM,False,602,Accepted,
28056747,0080000,BOONE COUNTY SHERIFF DEPT.,Accepted,BOONE,KY1017,,AERO,PKWY,,KY1017,TURFWAY,,,,,39.022346955,-84.641664025,2.261,4/20/2021 12:00:00 AM,1525,2,2,0,0,CLEAR,DRY,False,SIDESWIPE-SAME DIRECTION,SIDESWIPE-SAME DIRECTION,STRAIGHT & LEVEL,DAYLIGHT,,,4/26/2021 10:08:03 AM,False,3704,Accepted,
28043009,1030000,ROWAN COUNTY SHERIFF DEPT.,Accepted,ROWAN,,,CLACK MOUNTAIN EAST,RD,,,BLACK,,,,,38.139925233,-83.354329424,5.094,4/20/2021 12:00:00 AM,1125,2,2,0,0,CLEAR,DRY,False,COLLISION WITH PARKED VEHICLE,SIDESWIPE-SAME DIRECTION,STRAIGHT & GRADE,DAYLIGHT,,,4/22/2021 9:13:27 AM,False,S-3,Accepted,
28045119,0080000,BOONE COUNTY SHERIFF DEPT.,Accepted,BOONE,,,BURGUNDY HILL,DR,,,PATRICK,,,,,39.018811329,-84.690992930,0.031,4/20/2021 12:00:00 AM,1742,2,2,0,0,CLOUDY,DRY,False,ANGLE COLLISION - OTHER,ANGLE,STRAIGHT & LEVEL,DAYLIGHT,,,4/22/2021 6:58:26 PM,False,3751,Accepted,
28036084,0300100,OWENSBORO POLICE DEPARTMENT,Accepted,DAVIESS,,,FREDERICA,ST,,,4TH,,,,,37.772563323,-87.113344946,0.227,4/20/2021 12:00:00 AM,0828,2,2,0,0,CLEAR,DRY,False,ANGLE COLLISION - OTHER,ANGLE,STRAIGHT & LEVEL,DAYLIGHT,,,4/20/2021 3:48:33 PM,False,357,Accepted,
28062541,KSP0100,KY STATE POLICE POST 01,Accepted,MCCRACKEN,US0062,,US62,,,,,,,,,37.043135631,-88.708578556,8.698,4/20/2021 12:00:00 AM,0932,2,2,0,0,CLEAR,DRY,False,REAR END IN TRAFFIC LANES BOTH VEHICLES MOVING,REAR END,STRAIGHT & GRADE,DAYLIGHT,,,4/27/2021 2:13:36 PM,False,709,Accepted,
28043076,0730000,MCCRACKEN COUNTY SHERIFF DEPT.,Accepted,MCCRACKEN,I 0024,,I24 W,,,,,,,,,37.117276205,-88.692769880,1.553,4/20/2021 12:00:00 AM,1216,3,3,0,2,CLEAR,DRY,False,REAR END IN TRAFFIC LANES BOTH VEHICLES MOVING,REAR END,STRAIGHT & LEVEL,DAYLIGHT,,,4/22/2021 9:36:38 AM,False,32,Accepted,
28035286,0270000,CLINTON COUNTY SHERIFF DEPT.,Accepted,CLINTON,KY0090,,KY90,,,,,,,,,36.762094314,-85.029945203,11.556,4/19/2021 12:00:00 AM,1540,2,2,0,1,CLEAR,DRY,False,OTHER ROADWAY OR MID-BLOCK COLLISION,REAR END,STRAIGHT & LEVEL,DAYLIGHT,,,4/20/2021 12:40:03 PM,False,1250,Accepted,
28034177,0568000,LOUISVILLE METRO POLICE DEPT,Accepted,JEFFERSON,US0150,,BROADWAY,,E,KY0864,CAMPBELL,,,,,38.244490650,-85.737537443,3.459,4/19/2021 12:00:00 AM,1127,2,2,0,0,CLEAR,DRY,False,ANGLE COLLISION - OTHER,ANGLE,STRAIGHT & LEVEL,DAYLIGHT,,,4/20/2021 8:34:38 AM,False,5251,Accepted,
28042876,1140000,WARREN COUNTY SHERIFF DEPT.,Accepted,WARREN,KY0234,,CEMETERY,RD,,KY0880,LOVERS,,,,,36.981180834,-86.396074423,10.741,4/19/2021 12:00:00 AM,1624,2,2,0,0,CLEAR,DRY,False,REAR END - ONE VEHICLE TURNING RIGHT,REAR END,STRAIGHT & LEVEL,DAYLIGHT,,,4/22/2021 8:46:33 AM,False,416,Accepted,
28029710,0568000,LOUISVILLE METRO POLICE DEPT,Accepted,JEFFERSON,KY1020,,2ND,ST,S,US0150,BROADWAY,,,,,38.245837880,-85.755048046,12.097,4/18/2021 12:00:00 AM,1825,2,2,0,0,CLEAR,DRY,False,OPPOSING LEFT TURN,OPPOSING LEFT TURN,STRAIGHT & LEVEL,DAYLIGHT,,,4/19/2021 9:09:46 AM,False,7325,Accepted,
28047488,1180100,CORBIN POLICE DEPARTMENT,Accepted,WHITLEY,KY0312,,GORDON HILL,RD,W,,POPLAR,,,,,36.948388709,-84.098403156,2.461,4/18/2021 12:00:00 AM,1858,1,1,0,0,CLEAR,DRY,False,OTHER INTERSECTION COLLISIONS,SINGLE VEHICLE,STRAIGHT & LEVEL,DAYLIGHT,,,4/23/2021 10:54:28 AM,False,404,Accepted,
28032442,0630000,LAUREL COUNTY SHERIFF DEPT.,Accepted,LAUREL,I 0075,45MM,I75 S,,,,,,,,,37.215899871,-84.200481662,48.028,4/16/2021 12:00:00 AM,1200,2,2,0,0,CLEAR,DRY,False,REAR END IN TRAFFIC LANES BOTH VEHICLES MOVING,REAR END,STRAIGHT & LEVEL,DAYLIGHT,,,4/19/2021 8:03:03 PM,False,1129,Accepted,
28024356,0340300,UNIVERSITY OF KENTUCKY POLICE,Accepted,FAYETTE,US0027,,LIMESTONE,,S,,,,CONN,,TRANSCRIPT,38.031481413,-84.509473767,4.855,4/15/2021 12:00:00 AM,1330,2,2,0,0,CLEAR,DRY,False,OTHER ROADWAY OR MID-BLOCK COLLISION,REAR END,STRAIGHT & LEVEL,DAYLIGHT,,,4/17/2021 6:23:26 PM,False,5443,Accepted,
28019445,0568000,LOUISVILLE METRO POLICE DEPT,Accepted,JEFFERSON,US0150,,BROADWAY,,E,KY0864,SHELBY,,,,,38.244699407,-85.739567442,3.402,4/15/2021 12:00:00 AM,1618,2,2,0,1,CLEAR,DRY,True,ANGLE COLLISION - OTHER,ANGLE,STRAIGHT & LEVEL,DAYLIGHT,,,4/16/2021 9:16:16 AM,False,5338,Accepted,
28021726,0340200,LEXINGTON POLICE DEPARTMENT,Accepted,FAYETTE,,,WELLINGTON,WAY,,,ARROWHEAD,,,,,38.002075477,-84.550383451,0.893,4/15/2021 12:00:00 AM,1521,2,2,0,0,CLEAR,DRY,False,ANGLE COLLISION - OTHER,ANGLE,STRAIGHT & LEVEL,DAYLIGHT,,,4/16/2021 6:08:34 PM,False,56413,Accepted,
28029561,0568000,LOUISVILLE METRO POLICE DEPT,Accepted,JEFFERSON,US0150,,BROADWAY,,E,KY0061,JACKSON,,,,,38.245100571,-85.745502926,3.070,4/15/2021 12:00:00 AM,1730,2,2,0,2,CLEAR,DRY,False,ANGLE COLLISION - ONE VEHICLE TURNING LEFT,ANGLE,STRAIGHT & LEVEL,DAYLIGHT,,,4/19/2021 9:02:58 AM,False,7058,Accepted,
28016085,0300000,DAVIESS COUNTY SHERIFF DEPT.,Accepted,DAVIESS,KY2831,,FREDERICA,ST,,,,,14TH,KY0081,KY81 TURN LANE,37.763303320,-87.112448924,2.480,4/15/2021 12:00:00 AM,1239,2,2,0,1,CLEAR,DRY,False,OTHER ROADWAY OR MID-BLOCK COLLISION,OPPOSING LEFT TURN,STRAIGHT & LEVEL,DAYLIGHT,,,4/15/2021 3:13:47 PM,False,1107,Accepted,
28085485,0670000,LETCHER COUNTY SHERIFF DEPT.,Accepted,LETCHER,KY0931,,KY931,,N,,,,,,,37.193616653,-82.828613325,16.059,4/15/2021 12:00:00 AM,1040,2,2,0,2,CLEAR,DRY,False,HEAD-ON COLLISION,HEAD ON,CURVE & GRADE,DAYLIGHT,,,5/3/2021 12:56:59 PM,False,111,Accepted,
28046964,0920000,OHIO COUNTY SHERIFF DEPT.,Accepted,OHIO,WN9007,80,WN9007 S,,,,,,,,,37.428943908,-86.844058598,46.973,4/15/2021 12:00:00 AM,1959,1,1,0,0,CLEAR,DRY,False,OTHER ROADWAY OR MID-BLOCK COLLISION,SINGLE VEHICLE,STRAIGHT & LEVEL,DARK-HWY NOT LIGHTED,,,4/23/2021 8:28:56 AM,False,1115,Accepted,
28014535,0568000,LOUISVILLE METRO POLICE DEPT,Accepted,JEFFERSON,I 0265,,I265 N,,,I 0064,I64 W EXIT19B RAMP TO I265 N,,,,,38.221955429,-85.505578286,25.447,4/15/2021 12:00:00 AM,0130,2,2,0,0,CLEAR,DRY,False,COLLISION WITH FIXED OBJECT IN INTERSECTION - FIRST EVENT COLLISION 09 - 32,SIDESWIPE-SAME DIRECTION,STRAIGHT & LEVEL,DARK-HWY LIGHTED/OFF,,,4/15/2021 8:54:06 AM,False,7571,Accepted,
28034752,KSP1100,KY STATE POLICE POST 11,Accepted,WHITLEY,I 0075,,I75 S,,,,,,,,,36.655245513,-84.136121644,5.037,4/14/2021 12:00:00 AM,1407,2,2,0,0,CLEAR,DRY,False,SIDESWIPE COLLISION - SAME DIRECTION,SIDESWIPE-SAME DIRECTION,STRAIGHT & GRADE,DAYLIGHT,,,4/20/2021 10:48:12 AM,False,476,Accepted,
28017733,KSP0400,KY STATE POLICE POST 04,Accepted,HARDIN,I 0065,,I65 S,,,,,,,,,37.812690593,-85.739651331,103.251,4/14/2021 12:00:00 AM,0206,1,1,0,0,CLEAR,DRY,False,OTHER COLLISIONS ON SHOULDER,SINGLE VEHICLE,STRAIGHT & LEVEL,DARK-HWY LIGHTED/ON,,,4/15/2021 10:15:46 PM,False,795,Accepted,
28012087,1140000,WARREN COUNTY SHERIFF DEPT.,Accepted,WARREN,US0231,,MORGANTOWN,RD,,,,,,,,36.991539430,-86.501374259,14.695,4/14/2021 12:00:00 AM,0529,2,2,0,0,CLEAR,DRY,False,1 VEHICLE ENTERING/LEAVING ENTRANCE,ANGLE,STRAIGHT & LEVEL,DARK-HWY NOT LIGHTED,,,4/14/2021 5:43:58 PM,False,431,Accepted,
28009776,0568000,LOUISVILLE METRO POLICE DEPT,Accepted,JEFFERSON,I 0265,,I265 E,,,,,,,,,38.184804828,-85.508369342,22.851,4/13/2021 12:00:00 AM,0733,3,3,0,0,CLOUDY,DRY,False,OTHER ROADWAY OR MID-BLOCK COLLISION,REAR END,STRAIGHT & LEVEL,DAYLIGHT,,,4/14/2021 8:40:31 AM,False,4903,Accepted,
28005121,0568000,LOUISVILLE METRO POLICE DEPT,Accepted,JEFFERSON,US0150,,BROADWAY,,E,KY0864,SHELBY,,,,,38.244686320,-85.739508907,3.405,4/12/2021 12:00:00 AM,1314,2,2,0,2,CLEAR,DRY,False,OPPOSING LEFT TURN,OPPOSING LEFT TURN,STRAIGHT & LEVEL,DAYLIGHT,,,4/13/2021 8:37:51 AM,False,2128,Accepted,
28001397,0470000,HARDIN COUNTY SHERIFF DEPT.,Accepted,HARDIN,I 0065,,I65 N,,,,,,,,,37.804107500,-85.747504569,102.520,4/11/2021 12:00:00 AM,1335,2,2,0,0,CLOUDY,WET,False,REAR END IN TRAFFIC LANES BOTH VEHICLES MOVING,REAR END,STRAIGHT & LEVEL,DAYLIGHT,,,4/12/2021 11:58:41 AM,True,958,Accepted,
28010453,KSP1500,KY STATE POLICE POST 15,Accepted,WASHINGTON,KY0055,3835-4339,LEBANON,RD,,,,,,,,37.633013339,-85.256786161,0.148,4/11/2021 12:00:00 AM,2151,1,1,0,2,CLEAR,GRAVEL,False,OTHER COLLISIONS ON SHOULDER,SINGLE VEHICLE,CURVE & GRADE,DARK-HWY NOT LIGHTED,,,4/14/2021 11:42:05 AM,False,272,Accepted,
28000369,0568000,LOUISVILLE METRO POLICE DEPT,Accepted,JEFFERSON,US0150,,BROADWAY,,E,,FLOYD,,,,,38.245442326,-85.749693683,2.845,4/11/2021 12:00:00 AM,1200,2,2,0,0,CLOUDY,WET,False,SIDESWIPE-SAME DIRECTION,SIDESWIPE-SAME DIRECTION,STRAIGHT & LEVEL,DAYLIGHT,,,4/12/2021 8:55:12 AM,False,7220,Accepted,
28018926,0560400,SHIVELY POLICE DEPARTMENT,Accepted,JEFFERSON,I 0264,,,,,,,,,,,38.204389097,-85.827878070,0.125,4/11/2021 12:00:00 AM,1945,2,2,0,0,RAINING,WET,False,OTHER RAMP RELATED COLLISIONS NOT LISTED ABOVE,REAR END,STRAIGHT & LEVEL,DAYLIGHT,KY1934,I 0264,4/16/2021 7:22:20 AM,False,7129,Accepted,
28000226,KSP0400,KY STATE POLICE POST 04,Accepted,BULLITT,I 0065,,I65 S,,,,,,,,,37.827430460,-85.721589999,104.654,4/9/2021 12:00:00 AM,0820,2,2,0,0,CLEAR,DRY,True,SIDESWIPE COLLISION - SAME DIRECTION,SIDESWIPE-SAME DIRECTION,STRAIGHT & LEVEL,DAYLIGHT,,,4/12/2021 8:42:02 AM,False,370,Accepted,
28000227,KSP0400,KY STATE POLICE POST 04,Accepted,HARDIN,I 0065,,I65 S,,,,,,,,,37.808720162,-85.743769665,102.898,4/9/2021 12:00:00 AM,0822,1,1,0,0,CLEAR,DRY,False,OTHER ROADWAY OR MID-BLOCK COLLISION,SINGLE VEHICLE,STRAIGHT & LEVEL,DAYLIGHT,,,4/12/2021 8:42:07 AM,False,370,Accepted,
28009277,KSP1300,KY STATE POLICE POST 13,Accepted,LESLIE,KY0699,,CUTSHIN,RD,,,,,,,,37.090863901,-83.255317024,8.126,4/9/2021 12:00:00 AM,1430,1,1,0,0,CLEAR,DRY,False,COLLISION WITH NON-FIXED OBJECT ,SINGLE VEHICLE,STRAIGHT & LEVEL,DAYLIGHT,,,4/14/2021 6:25:18 AM,False,468,Accepted,
28009992,KSP1100,KY STATE POLICE POST 11,Accepted,LAUREL,I 0075,,I75 S,,,,,,,,,37.001027888,-84.106017671,30.562,4/9/2021 12:00:00 AM,1455,1,1,0,0,CLEAR,DRY,False,OTHER COLLISIONS ON SHOULDER,SINGLE VEHICLE,STRAIGHT & GRADE,DAYLIGHT,,,4/14/2021 9:37:35 AM,False,289,Accepted,