IncidentID,AgencyORI,AgencyName,IncidentStatusDesc,County,RdwyNumber,Street,RoadwayName,StreetSfx,StreetDir,IntersectionRdwy,IntersectionRdwyName,BetweenStRdwy1,BetweenStRdwyName1,BetweenStRdwy2,BetweenStRdwyName2,Latitude,Longitude,Milepoint,CollisionDate,CollisionTime,UnitsInvolved,MotorVehiclesInvolved,NumberKilled,NumberInjured,Weather,RdwyConditionCode,HitandRun,DirAnalysisCode,MannerofCollision,RdwyCharacter,LightCondition,RampFromRdwyId,RampToRdwyId,AcceptedDate,IsSecondaryCollision,OwnerBadge,IncidentStatus,
28048069,0370100,FRANKFORT POLICE DEPARTMENT,Accepted,FRANKLIN,,,EWING,ST,,,,,EWING,,4TH,38.193469235,-84.881123420,0.119,4/9/2021 12:00:00 AM,1500,2,2,0,0,CLEAR,DRY,False,VEHICLE BACKING NON INTERSECTION,BACKING,STRAIGHT & LEVEL,DAYLIGHT,,,4/23/2021 2:42:07 PM,False,2630,Accepted,
27996741,0730000,MCCRACKEN COUNTY SHERIFF DEPT.,Accepted,MCCRACKEN,I 0024,,I24 W,,,,,,,,,37.128187705,-88.688998129,0.770,4/9/2021 12:00:00 AM,1421,3,3,0,0,CLEAR,DRY,False,REAR END IN TRAFFIC LANES BOTH VEHICLES MOVING,REAR END,STRAIGHT & LEVEL,DAYLIGHT,,,4/11/2021 10:28:02 AM,False,26,Accepted,
27991581,0730000,MCCRACKEN COUNTY SHERIFF DEPT.,Accepted,MCCRACKEN,US0062,,BLANDVILLE,RD,,,,,,,,37.043679458,-88.707591315,8.765,4/8/2021 12:00:00 AM,1349,2,2,0,0,CLOUDY,DRY,True,REAR END IN TRAFFIC LANES BOTH VEHICLES MOVING,REAR END,STRAIGHT & GRADE,DAYLIGHT,,,4/9/2021 4:45:45 PM,False,39,Accepted,
28010101,1060000,SHELBY COUNTY SHERIFF DEPT.,Accepted,SHELBY,US0060,,SHELBYVILLE,RD,,,,,,,,38.213785000,-85.259783506,8.322,4/8/2021 12:00:00 AM,2256,1,1,0,0,CLEAR,DRY,False,OTHER ROADWAY OR MID-BLOCK COLLISION,SINGLE VEHICLE,STRAIGHT & LEVEL,DARK-HWY LIGHTED/ON,,,4/14/2021 10:02:07 AM,False,18,Accepted,
27989352,0080000,BOONE COUNTY SHERIFF DEPT.,Accepted,BOONE,I 0275,,I275 W,,,,,,,,,39.083266499,-84.733982884,8.370,4/8/2021 12:00:00 AM,0221,1,1,0,1,CLEAR,DRY,False,OTHER ROADWAY OR MID-BLOCK COLLISION,SINGLE VEHICLE,STRAIGHT & LEVEL,DARK-HWY LIGHTED/ON,,,4/9/2021 5:14:44 AM,False,3703,Accepted,
27986139,0590100,COVINGTON POLICE DEPARTMENT,Accepted,KENTON,I 0075,,I75 N,,,,,,,,,39.075876789,-84.519409667,190.452,4/8/2021 12:00:00 AM,0800,2,2,0,0,CLEAR,DRY,False,SIDESWIPE COLLISION - SAME DIRECTION,SIDESWIPE-SAME DIRECTION,STRAIGHT & LEVEL,DAYLIGHT,,,4/8/2021 10:52:06 AM,False,0159,Accepted,
28287376,KSP0300,KY STATE POLICE POST 03,Accepted,WARREN,I 0065,,I65 N,,,,,,,,,36.940320080,-86.414615310,22.829,4/8/2021 12:00:00 AM,1514,2,2,0,0,CLEAR,DRY,False,SIDESWIPE COLLISION - SAME DIRECTION,SIDESWIPE-SAME DIRECTION,STRAIGHT & LEVEL,DAYLIGHT,,,6/23/2021 11:27:34 AM,False,203,Accepted,
27985632,0568000,LOUISVILLE METRO POLICE DEPT,Accepted,JEFFERSON,I 0064,,,,,,,,,,,38.221991301,-85.505571742,0.219,4/7/2021 12:00:00 AM,2238,2,2,0,0,CLEAR,DRY,False,OTHER RAMP RELATED COLLISIONS NOT LISTED ABOVE,REAR END,CURVE & HILLCREST,DARK-HWY LIGHTED/ON,I 0064,I 0265,4/8/2021 8:41:34 AM,False,5306,Accepted,
27984894,0340200,LEXINGTON POLICE DEPARTMENT,Accepted,FAYETTE,,,CLAYS MILL,RD,,,,,NAKOMI,,CECIL,38.009377982,-84.541019418,1.625,4/7/2021 12:00:00 AM,2205,2,2,0,1,CLEAR,DRY,False,HEAD-ON COLLISION,HEAD ON,STRAIGHT & GRADE,DARK-HWY LIGHTED/ON,,,4/8/2021 3:58:43 AM,False,56670,Accepted,
27989994,0568000,LOUISVILLE METRO POLICE DEPT,Accepted,JEFFERSON,I 0265,,I265 E,,,,,,,,,38.193602304,-85.508469618,23.462,4/7/2021 12:00:00 AM,0837,2,2,1,1,CLEAR,DRY,False,1 VEHICLE ENTERING/LEAVING ENTRANCE,ANGLE,STRAIGHT & LEVEL,DAYLIGHT,,,4/9/2021 8:37:54 AM,False,6886,Accepted,
27981984,0590100,COVINGTON POLICE DEPARTMENT,Accepted,KENTON,I 0075,,I75 N,,,,,,,,,39.064831723,-84.521385966,189.639,4/7/2021 12:00:00 AM,0745,2,2,0,0,CLEAR,DRY,False,REAR END IN TRAFFIC LANES BOTH VEHICLES MOVING,REAR END,STRAIGHT & GRADE,DAYLIGHT,,,4/7/2021 11:09:15 AM,False,0159,Accepted,
27985841,0730000,MCCRACKEN COUNTY SHERIFF DEPT.,Accepted,MCCRACKEN,I 0024,,I24 W,,,,,,,,,37.128465660,-88.688851378,0.749,4/6/2021 12:00:00 AM,1345,2,2,0,2,CLEAR,DRY,False,REAR END IN TRAFFIC LANES BOTH VEHICLES MOVING,REAR END,STRAIGHT & LEVEL,DAYLIGHT,,,4/8/2021 9:42:31 AM,False,51,Accepted,
27980953,0220100,GRAYSON POLICE DEPARTMENT,Accepted,CARTER,I 0064,172,I-64 WEST OFF RAMP,,W,,,,,,,38.345960254,-82.937171740,0.020,4/6/2021 12:00:00 AM,0911,2,2,0,0,CLEAR,DRY,False,OTHER RAMP RELATED COLLISIONS NOT LISTED ABOVE,SIDESWIPE-SAME DIRECTION,STRAIGHT & LEVEL,DAYLIGHT,I 0064,KY0001,4/7/2021 7:46:40 AM,False,305,Accepted,
28013322,1180000,WHITLEY COUNTY SHERIFF DEPT.,Accepted,WHITLEY,KY0026,,KY26,,,,,,,,,36.890357729,-84.118231604,10.317,4/5/2021 12:00:00 AM,1215,2,2,0,0,CLEAR,DRY,False,1 VEHICLE PARKED POSITION (NOT PARKING LOT/DRIVEWAY),SIDESWIPE-SAME DIRECTION,STRAIGHT & LEVEL,DAYLIGHT,,,4/15/2021 12:27:43 AM,False,161,Accepted,
28002405,0220100,GRAYSON POLICE DEPARTMENT,Accepted,CARTER,KY0001,,CAROL MALONE,BLVD,,,,,,,,38.339203694,-82.943371886,11.156,4/5/2021 12:00:00 AM,1545,2,2,0,0,CLEAR,OTHER,False,SIDESWIPE COLLISION - SAME DIRECTION,SIDESWIPE-SAME DIRECTION,STRAIGHT & LEVEL,DAYLIGHT,,,4/12/2021 4:10:10 PM,False,311,Accepted,
29599899,KSP0300,KY STATE POLICE POST 03,Accepted,WARREN,I 0065,,I65 S,,,,,,,,,36.977011664,-86.391494340,25.635,4/5/2021 12:00:00 AM,2123,3,3,3,0,CLEAR,DRY,False,REAR END IN TRAFFIC LANES BOTH VEHICLES MOVING,REAR END,STRAIGHT & LEVEL,DARK-HWY LIGHTED/ON,,,1/18/2022 5:38:38 PM,False,772,Accepted,
27977060,0568000,LOUISVILLE METRO POLICE DEPT,Accepted,JEFFERSON,US0150,,BROADWAY,,E,KY0864,SHELBY,,,,,38.244711020,-85.739553385,3.402,4/5/2021 12:00:00 AM,2049,2,2,0,0,CLEAR,DRY,True,ANGLE COLLISION - OTHER,ANGLE,STRAIGHT & LEVEL,DARK-HWY LIGHTED/ON,,,4/6/2021 10:30:49 AM,False,5122,Accepted,
27972328,0568000,LOUISVILLE METRO POLICE DEPT,Accepted,JEFFERSON,US0150,,BROADWAY,,E,KY0864,SHELBY,,,,,38.244733430,-85.739570504,3.400,4/3/2021 12:00:00 AM,2035,2,2,0,1,CLEAR,DRY,False,ANGLE COLLISION - OTHER,ANGLE,STRAIGHT & LEVEL,DARK-HWY LIGHTED/ON,,,4/5/2021 8:57:17 AM,False,5135,Accepted,
28026235,0470100,ELIZABETHTOWN POLICE DEPT.,Accepted,HARDIN,US0031W,,DIXIE,AVE,N,,,,CABINET,,VETERANS,37.741730713,-85.890872638,20.477,4/3/2021 12:00:00 AM,1658,2,2,0,0,CLEAR,DRY,False,OTHER ROADWAY OR MID-BLOCK COLLISION,REAR END,STRAIGHT & LEVEL,DAYLIGHT,,,4/18/2021 9:50:28 AM,False,0138,Accepted,
28004201,0630000,LAUREL COUNTY SHERIFF DEPT.,Accepted,LAUREL,I 0075,,I75 S,,,,,,,,,37.085223105,-84.099730370,36.445,4/3/2021 12:00:00 AM,1400,3,3,0,0,CLOUDY,DRY,False,SIDESWIPE COLLISION - SAME DIRECTION,SIDESWIPE-SAME DIRECTION,STRAIGHT & LEVEL,DAYLIGHT,,,4/13/2021 1:51:37 AM,True,1126,Accepted,
27972792,KSP1100,KY STATE POLICE POST 11,Accepted,LAUREL,I 0075,,I75 N,,,,,,,,,37.212288379,-84.184577147,47.089,4/2/2021 12:00:00 AM,1330,2,2,0,0,CLEAR,DRY,False,REAR END IN TRAFFIC LANES BOTH VEHICLES MOVING,REAR END,STRAIGHT & LEVEL,DAYLIGHT,,,4/5/2021 10:19:25 AM,False,376,Accepted,
27960491,0730100,PADUCAH POLICE DEPARTMENT,Accepted,MCCRACKEN,I 0024,,I24 W,,,,,I 0024,I24 W EXIT7 ON RAMP FROM US62,I 0024,I24 W EXIT4 OFF RAMP TO US60,37.061361943,-88.660837064,5.967,4/1/2021 12:00:00 AM,1138,2,2,0,0,CLEAR,DRY,False,REAR END IN TRAFFIC LANES BOTH VEHICLES MOVING,REAR END,STRAIGHT & LEVEL,DAYLIGHT,,,4/2/2021 5:13:14 PM,False,257,Accepted,
27955457,0970000,PERRY COUNTY SHERIFF,Accepted,PERRY,KY0015,,KY15,,N,,,,,,,37.290618204,-83.229877291,15.745,4/1/2021 12:00:00 AM,0752,2,2,0,0,CLEAR,DRY,False,OTHER ROADWAY OR MID-BLOCK COLLISION,REAR END,STRAIGHT & LEVEL,DAYLIGHT,,,4/1/2021 11:49:34 AM,False,505,Accepted,
27958919,0340200,LEXINGTON POLICE DEPARTMENT,Accepted,FAYETTE,US0060,,VERSAILLES,RD,,,,KY1968,PARKERS MILL,,BORDEAUX,38.046434267,-84.555732620,5.206,4/1/2021 12:00:00 AM,1448,2,2,0,0,CLOUDY,DRY,False,SIDESWIPE COLLISION - SAME DIRECTION,SIDESWIPE-SAME DIRECTION,STRAIGHT & LEVEL,DAYLIGHT,,,4/2/2021 8:10:35 AM,False,40247,Accepted,
28309461,0660000,LESLIE COUNTY SHERIFF DEPT.,Accepted,LESLIE,KY0699,,CUTSHIN,RD,,,,,,,,37.138837796,-83.290681787,2.591,4/1/2021 12:00:00 AM,1500,1,1,0,0,CLEAR,DRY,False,COLLISION WITH FIXED OBJECT NON - INTERSECTION - FIRST EVENT COLLISION 09 - 32 EXCLUDING 16,SINGLE VEHICLE,STRAIGHT & LEVEL,DAYLIGHT,,,6/29/2021 9:21:11 AM,False,SO11,Accepted,
27954733,0568000,LOUISVILLE METRO POLICE DEPT,Accepted,JEFFERSON,US0150,,BROADWAY,,E,KY0864,SHELBY,,,,,38.244709534,-85.739515068,3.403,3/31/2021 12:00:00 AM,1700,2,2,0,0,CLOUDY,DRY,False,ANGLE COLLISION - OTHER,ANGLE,STRAIGHT & LEVEL,DAYLIGHT,,,4/1/2021 9:06:56 AM,False,7058,Accepted,
27972287,KSP0400,KY STATE POLICE POST 04,Accepted,HARDIN,I 0065,,I65 N,,,,,,,,,37.772383019,-85.781884345,99.402,3/30/2021 12:00:00 AM,1532,2,2,0,0,CLEAR,DRY,False,REAR END IN TRAFFIC LANES BOTH VEHICLES MOVING,REAR END,STRAIGHT & GRADE,DAYLIGHT,,,4/5/2021 8:55:45 AM,False,1180,Accepted,
27950715,KSP1000,KY STATE POLICE POST 10,Accepted,HARLAN,US0421,,US421,,N,,,,,,,36.898995425,-83.311216989,21.150,3/30/2021 12:00:00 AM,1052,1,1,0,0,CLEAR,DRY,False,OTHER ROADWAY OR MID-BLOCK COLLISION,SINGLE VEHICLE,CURVE & GRADE,DAYLIGHT,,,3/31/2021 10:28:40 AM,False,483,Accepted,
27953060,0370200,KY STATE POLICE CVE,Accepted,LAUREL,I 0075,,I75 N,,,,,,,,,37.174265942,-84.129109354,,3/30/2021 12:00:00 AM,0211,1,1,0,0,CLEAR,DRY,False,OTHER ROADWAY OR MID-BLOCK COLLISION,SINGLE VEHICLE,STRAIGHT & LEVEL,DARK (UNKNOWN ROADWAY LIGHTING),,,3/31/2021 10:25:45 PM,False,C-331,Accepted,
27949388,0590400,FT. WRIGHT POLICE DEPARTMENT,Accepted,KENTON,I 0075,,I75 N,,,I 0075,I75 N EXIT189 ON RAMP FROM  KYLES LN,,,,,39.060449703,-84.532579576,188.931,3/30/2021 12:00:00 AM,0815,2,2,0,0,CLEAR,DRY,False,SIDESWIPE-SAME DIRECTION,SIDESWIPE-SAME DIRECTION,CURVE & GRADE,DAYLIGHT,,,3/31/2021 1:40:14 AM,False,409,Accepted,
27947197,0590400,FT. WRIGHT POLICE DEPARTMENT,Accepted,KENTON,I 0075,,I75 N,,,,,I 0075,I75 N EXIT189 ON RAMP FROM  KYLES LN,I 0075,I75 N EXIT191 OFF RAMP TO KY1120,39.060634020,-84.531174266,189.018,3/29/2021 12:00:00 AM,0852,2,2,0,0,CLEAR,DRY,False,REAR END IN TRAFFIC LANES BOTH VEHICLES MOVING,REAR END,CURVE & GRADE,DAYLIGHT,,,3/30/2021 2:17:27 PM,False,409,Accepted,
30020713,KSP0800,KY STATE POLICE POST 08,Accepted,MORGAN,KY9009,,KY9009,,,,,,,,,37.751921204,-83.288192867,60.485,3/29/2021 12:00:00 AM,1220,2,2,1,0,CLEAR,DRY,False,HEAD-ON COLLISION,HEAD ON,CURVE & GRADE,DAYLIGHT,,,5/5/2022 8:38:38 AM,False,321,Accepted,
28026208,0470100,ELIZABETHTOWN POLICE DEPT.,Accepted,HARDIN,US0031W,,DIXIE,AVE,N,,PINE VALLEY,,,,,37.750702361,-85.894738352,21.141,3/28/2021 12:00:00 AM,2136,2,2,0,0,CLEAR,DRY,False,SIDESWIPE-SAME DIRECTION,SIDESWIPE-SAME DIRECTION,STRAIGHT & LEVEL,DARK-HWY LIGHTED/ON,,,4/18/2021 9:48:41 AM,False,0143,Accepted,
27941539,0568000,LOUISVILLE METRO POLICE DEPT,Accepted,JEFFERSON,US0150,,BROADWAY,,E,KY0864,SHELBY,,,,,38.244689612,-85.739531451,3.404,3/27/2021 12:00:00 AM,2251,2,2,0,0,CLEAR,DRY,False,ANGLE COLLISION - OTHER,ANGLE,STRAIGHT & LEVEL,DARK-HWY LIGHTED/ON,,,3/29/2021 8:56:50 AM,False,5122,Accepted,
28004300,0470100,ELIZABETHTOWN POLICE DEPT.,Accepted,HARDIN,US0031W,,DIXIE,AVE,N,,,KY0447,WILSON,US0031W,US31W CROSSOVER,37.747262550,-85.893423906,20.887,3/27/2021 12:00:00 AM,1336,3,1,0,1,CLEAR,DRY,False,OTHER ROADWAY OR MID-BLOCK COLLISION,REAR END,STRAIGHT & LEVEL,DAYLIGHT,,,4/13/2021 3:01:43 AM,False,0084,Accepted,
27941670,1060000,SHELBY COUNTY SHERIFF DEPT.,Accepted,SHELBY,KY0053,,MT EDEN,RD,,,CATALPA LN CONN,,,,,38.191195073,-85.211311619,6.562,3/26/2021 12:00:00 AM,1219,2,2,0,1,CLEAR,DRY,False,ANGLE COLLISION - OTHER,ANGLE,CURVE & LEVEL,DAYLIGHT,,,3/29/2021 9:23:46 AM,False,36,Accepted,
27934164,0340200,LEXINGTON POLICE DEPARTMENT,Accepted,FAYETTE,US0068,1221,BROADWAY,,S,,,,,,,38.035841343,-84.521915747,5.259,3/26/2021 12:00:00 AM,0955,2,2,0,0,CLOUDY,DRY,False,COLLISION IN PARKING LOT,BACKING,STRAIGHT & LEVEL,DAYLIGHT,,,3/26/2021 6:35:58 PM,False,42799,Accepted,
27939269,0080000,BOONE COUNTY SHERIFF DEPT.,Accepted,BOONE,I 0075,,I75 S,,,,,,,,,38.896159906,-84.627086495,173.908,3/26/2021 12:00:00 AM,2148,2,2,0,0,CLEAR,DRY,False,SIDESWIPE COLLISION - SAME DIRECTION,SIDESWIPE-SAME DIRECTION,STRAIGHT & LEVEL,DARK-HWY LIGHTED/ON,,,3/28/2021 6:44:08 PM,False,3736,Accepted,
27934406,0590400,FT. WRIGHT POLICE DEPARTMENT,Accepted,KENTON,I 0075,,I75 N,,,,,I 0075,I75 N EXIT189 OFF RAMP TO  KYLES LN,I 0075,I75 N EXIT189 ON RAMP FROM  KYLES LN,39.059707555,-84.535638727,188.754,3/25/2021 12:00:00 AM,1323,2,2,0,0,RAINING,WET,False,REAR END IN TRAFFIC LANES BOTH VEHICLES MOVING,REAR END,CURVE & GRADE,DAYLIGHT,,,3/26/2021 8:24:01 PM,False,409,Accepted,
27931926,0590100,COVINGTON POLICE DEPARTMENT,Accepted,KENTON,I 0075,,I75 N,,,,,,,,,39.076643643,-84.519759243,190.511,3/25/2021 12:00:00 AM,1433,2,2,0,0,RAINING,WET,False,REAR END IN TRAFFIC LANES BOTH VEHICLES MOVING,REAR END,STRAIGHT & LEVEL,DAYLIGHT,,,3/26/2021 7:25:41 AM,False,0254,Accepted,
28026304,0470100,ELIZABETHTOWN POLICE DEPT.,Accepted,HARDIN,US0031W,,DIXIE,AVE,N,KY3005,RING,,,,,37.728310628,-85.884311381,19.468,3/24/2021 12:00:00 AM,1830,2,2,0,0,CLEAR,DRY,True,OTHER INTERSECTION COLLISIONS,REAR END,STRAIGHT & LEVEL,DAYLIGHT,,,4/18/2021 10:04:00 AM,False,0152,Accepted,
27928216,0568000,LOUISVILLE METRO POLICE DEPT,Accepted,JEFFERSON,US0150,,BROADWAY,,E,KY0061,JACKSON,,,,,38.245136972,-85.745596540,3.075,3/24/2021 12:00:00 AM,1757,2,2,0,0,CLEAR,DRY,False,ANGLE COLLISION - OTHER,ANGLE,STRAIGHT & LEVEL,DAYLIGHT,,,3/25/2021 8:16:28 AM,False,7823,Accepted,
28026295,0470100,ELIZABETHTOWN POLICE DEPT.,Accepted,HARDIN,US0031W,4021,DIXIE,AVE,N,,,,,,,37.744247550,-85.892025855,20.662,3/24/2021 12:00:00 AM,1516,2,2,0,0,CLEAR,DRY,False,OTHER ROADWAY OR MID-BLOCK COLLISION,REAR END,STRAIGHT & LEVEL,DAYLIGHT,,,4/18/2021 10:03:34 AM,False,0152,Accepted,
28026303,0470100,ELIZABETHTOWN POLICE DEPT.,Accepted,HARDIN,US0031W,,DIXIE,AVE,N,,,,CHILDERS,,VETERANS,37.739392445,-85.889774925,20.316,3/24/2021 12:00:00 AM,1651,3,3,0,0,CLEAR,DRY,False,REAR END IN TRAFFIC LANES BOTH VEHICLES MOVING,REAR END,STRAIGHT & LEVEL,DAYLIGHT,,,4/18/2021 10:03:56 AM,False,0152,Accepted,
27928221,0568000,LOUISVILLE METRO POLICE DEPT,Accepted,JEFFERSON,US0150,,BROADWAY,,E,,HANCOCK,,,,,38.244976981,-85.743531778,3.187,3/24/2021 12:00:00 AM,2224,1,1,0,1,CLEAR,DRY,False,NON-COLLISION OBJECT COLLISION,SINGLE VEHICLE,STRAIGHT & LEVEL,DARK-HWY LIGHTED/ON,,,3/25/2021 8:16:45 AM,False,7912,Accepted,
27931254,0630000,LAUREL COUNTY SHERIFF DEPT.,Accepted,LAUREL,I 0075,,I75 S,,,,,,,,,36.993722830,-84.108012075,30.039,3/23/2021 12:00:00 AM,1420,2,2,0,0,CLEAR,DRY,True,SIDESWIPE COLLISION - SAME DIRECTION,SIDESWIPE-SAME DIRECTION,STRAIGHT & LEVEL,DAYLIGHT,,,3/26/2021 1:18:55 AM,False,1123,Accepted,
27923551,0730000,MCCRACKEN COUNTY SHERIFF DEPT.,Accepted,MCCRACKEN,I 0024,,I24 W,,,,,,,,,37.121375369,-88.691381497,1.260,3/23/2021 12:00:00 AM,1041,2,2,0,0,CLOUDY,WET,True,REAR END IN TRAFFIC LANES BOTH VEHICLES MOVING,REAR END,STRAIGHT & GRADE,DAYLIGHT,,,3/24/2021 8:18:38 AM,False,20,Accepted,
27918680,0568000,LOUISVILLE METRO POLICE DEPT,Accepted,JEFFERSON,I 0265,,I265 S,,,,,,,,,38.227885455,-85.505233578,25.803,3/22/2021 12:00:00 AM,1547,3,3,0,0,CLOUDY,DRY,False,REAR END IN TRAFFIC LANES BOTH VEHICLES MOVING,REAR END,STRAIGHT & LEVEL,DAYLIGHT,,,3/23/2021 8:19:42 AM,False,7751,Accepted,
27932208,0930400,OLDHAM COUNTY POLICE DEPT.,Accepted,OLDHAM,I 0071,,I71 N,,,,,,,,,38.335109491,-85.527553511,12.364,3/22/2021 12:00:00 AM,1656,2,2,0,0,CLOUDY,DRY,True,SIDESWIPE COLLISION - SAME DIRECTION,SIDESWIPE-SAME DIRECTION,STRAIGHT & GRADE,DAYLIGHT,,,3/26/2021 9:23:06 AM,False,3060,Accepted,
27923872,0568000,LOUISVILLE METRO POLICE DEPT,Accepted,JEFFERSON,I 0265,,I265 S,,,,,,,,,38.234532669,-85.504660427,26.262,3/22/2021 12:00:00 AM,0747,2,2,0,1,CLEAR,DRY,False,SIDESWIPE COLLISION - SAME DIRECTION,SIDESWIPE-SAME DIRECTION,STRAIGHT & LEVEL,DAWN,,,3/24/2021 9:52:45 AM,False,7751,Accepted,
27905969,0080200,FLORENCE POLICE DEPARTMENT,Accepted,BOONE,,,FARMVIEW,DR,,,,,RIDGECREST,,MISTFLOWER,38.970647030,-84.679408978,0.448,3/19/2021 12:00:00 AM,1030,2,2,0,0,CLEAR,DRY,False,SIDESWIPE COLLISION - OPPOSITE DIRECTION,SIDESWIPE-OPPOSITE DIRECTION,CURVE & LEVEL,DAYLIGHT,,,3/19/2021 3:34:00 PM,False,44,Accepted,
27934582,0370200,KY STATE POLICE CVE,Accepted,LAUREL,I 0075,,,,,,,,,,,37.223426103,-84.210866047,0.333,3/19/2021 12:00:00 AM,1600,2,2,0,0,CLEAR,DRY,False,OTHER RAMP RELATED COLLISIONS NOT LISTED ABOVE,SIDESWIPE-SAME DIRECTION,STRAIGHT & HILLCREST,DAYLIGHT,KY0909,I 0075,3/26/2021 10:12:41 PM,False,C-331,Accepted,
27993776,KSP0000,KY STATE POLICE HEADQUARTERS,Accepted,LAUREL,I 0075,,I75 S,,,,,,,,,37.222485954,-84.209081196,48.687,3/19/2021 12:00:00 AM,1428,3,3,0,1,CLOUDY,DRY,False,REAR END IN TRAFFIC LANES BOTH VEHICLES MOVING,REAR END,STRAIGHT & GRADE,DAYLIGHT,,,4/10/2021 9:32:02 AM,False,C-107,Accepted,
27975828,0470100,ELIZABETHTOWN POLICE DEPT.,Accepted,HARDIN,US0031W,,DIXIE,AVE,N,KY3005,RING,,,,,37.728273421,-85.884233022,19.487,3/19/2021 12:00:00 AM,1046,3,1,0,0,CLEAR,DRY,False,OPPOSING LEFT TURN,OPPOSING LEFT TURN,STRAIGHT & HILLCREST,DAYLIGHT,,,4/6/2021 3:02:35 AM,False,0084,Accepted,
27905589,0370200,KY STATE POLICE CVE,Accepted,LAUREL,I 0075,,I75 S,,,,,,,,,37.228184166,-84.218783490,49.357,3/18/2021 12:00:00 AM,0844,1,1,0,0,CLEAR,WET,False,OTHER COLLISIONS ON SHOULDER,SINGLE VEHICLE,STRAIGHT & HILLCREST,DAYLIGHT,,,3/19/2021 1:54:21 PM,False,C-362,Accepted,
27905590,0370200,KY STATE POLICE CVE,Accepted,LAUREL,I 0075,,I75 S,,,,,,,,,37.231007739,-84.224351314,49.721,3/18/2021 12:00:00 AM,1137,2,2,0,0,CLEAR,DRY,False,SIDESWIPE COLLISION - SAME DIRECTION,SIDESWIPE-SAME DIRECTION,STRAIGHT & GRADE,DAYLIGHT,,,3/19/2021 1:54:27 PM,True,C-362,Accepted,
27899783,0590100,COVINGTON POLICE DEPARTMENT,Accepted,KENTON,I 0075,,I75 N,,,,,,,,,39.075968722,-84.519476718,190.504,3/17/2021 12:00:00 AM,1927,2,2,0,0,RAINING,WET,False,SIDESWIPE COLLISION - SAME DIRECTION,SIDESWIPE-SAME DIRECTION,STRAIGHT & LEVEL,DARK-HWY LIGHTED/ON,,,3/18/2021 7:17:32 AM,False,0292,Accepted,
27904812,0590100,COVINGTON POLICE DEPARTMENT,Accepted,KENTON,I 0075,,I75 N,,,,,,,,,39.077295797,-84.520107650,190.562,3/17/2021 12:00:00 AM,1955,2,2,0,0,CLOUDY,WET,True,SIDESWIPE COLLISION - SAME DIRECTION,SIDESWIPE-SAME DIRECTION,CURVE & GRADE,DARK-HWY LIGHTED/ON,,,3/19/2021 9:52:57 AM,False,0269,Accepted,
27901086,0568000,LOUISVILLE METRO POLICE DEPT,Accepted,JEFFERSON,I 0265,,I265 W,,,,,I 0064,I64 E EXIT19A RAMP TO I265 S,I 0265,I265 W EXIT23 OFF RAMP TO KY155,38.208304143,-85.507275801,24.447,3/17/2021 12:00:00 AM,1459,3,3,0,0,RAINING,WET,False,REAR END IN TRAFFIC LANES BOTH VEHICLES MOVING,REAR END,STRAIGHT & LEVEL,DAYLIGHT,,,3/18/2021 1:04:52 PM,False,2109,Accepted,
27896132,0080000,BOONE COUNTY SHERIFF DEPT.,Accepted,BOONE,KY3076,,MINEOLA,PIKE,,,,,CIRCLEPORT,,OLYMPIC,39.049716427,-84.631454830,0.576,3/16/2021 12:00:00 AM,0940,2,2,0,0,CLOUDY,WET,False,REAR END IN TRAFFIC LANES BOTH VEHICLES MOVING,REAR END,STRAIGHT & HILLCREST,DAYLIGHT,,,3/17/2021 10:45:20 AM,False,3726,Accepted,
27989673,0170100,PRINCETON POLICE DEPARTMENT,Accepted,CALDWELL,KY0293,,JEFFERSON,ST,S,KY0139,LEGION,,,,,37.104478943,-87.884893620,6.151,3/16/2021 12:00:00 AM,1105,3,3,0,0,CLEAR,DRY,False,ANGLE COLLISION - OTHER,ANGLE,STRAIGHT & LEVEL,DAYLIGHT,,,4/9/2021 7:13:28 AM,True,610,Accepted,
28026426,0470100,ELIZABETHTOWN POLICE DEPT.,Accepted,HARDIN,US0031W,2110,DIXIE,AVE,N,,,,,,,37.741960285,-85.891000729,20.494,3/16/2021 12:00:00 AM,1536,2,2,0,0,CLEAR,DRY,False,OTHER ROADWAY OR MID-BLOCK COLLISION,REAR END,STRAIGHT & LEVEL,DAYLIGHT,,,4/18/2021 10:21:17 AM,False,0152,Accepted,
27976630,0470100,ELIZABETHTOWN POLICE DEPT.,Accepted,HARDIN,US0031W,,DIXIE,AVE,N,,,,NALLS,KY3005,RING,37.727994927,-85.883860794,19.456,3/16/2021 12:00:00 AM,1303,2,2,0,0,CLEAR,DRY,False,SIDESWIPE COLLISION - SAME DIRECTION,SIDESWIPE-SAME DIRECTION,STRAIGHT & LEVEL,DAYLIGHT,,,4/6/2021 8:27:19 AM,False,0111,Accepted,