IncidentID,AgencyORI,AgencyName,IncidentStatusDesc,County,RdwyNumber,Street,RoadwayName,StreetSfx,StreetDir,IntersectionRdwy,IntersectionRdwyName,BetweenStRdwy1,BetweenStRdwyName1,BetweenStRdwy2,BetweenStRdwyName2,Latitude,Longitude,Milepoint,CollisionDate,CollisionTime,UnitsInvolved,MotorVehiclesInvolved,NumberKilled,NumberInjured,Weather,RdwyConditionCode,HitandRun,DirAnalysisCode,MannerofCollision,RdwyCharacter,LightCondition,RampFromRdwyId,RampToRdwyId,AcceptedDate,IsSecondaryCollision,OwnerBadge,IncidentStatus,
27890267,0568000,LOUISVILLE METRO POLICE DEPT,Accepted,JEFFERSON,I 0264,,I264 W,,,I 0264,I264 W EXIT4 ON RAMP FROM KY2056,,,,,38.219733350,-85.822268493,4.213,3/14/2021 12:00:00 AM,1837,2,2,0,0,CLOUDY,DRY,False,OTHER INTERSECTION COLLISIONS,REAR TO REAR,STRAIGHT & LEVEL,DAYLIGHT,,,3/16/2021 8:09:11 AM,False,7091,Accepted,
27976626,0470100,ELIZABETHTOWN POLICE DEPT.,Accepted,HARDIN,US0031W,1501,DIXIE,AVE,N,,,,,,,37.725526941,-85.882589823,19.275,3/12/2021 12:00:00 AM,1326,2,2,0,0,CLEAR,DRY,False,1 VEHICLE ENTERING/LEAVING ENTRANCE,ANGLE,STRAIGHT & LEVEL,DAYLIGHT,,,4/6/2021 8:27:10 AM,False,0122,Accepted,
27876606,0568000,LOUISVILLE METRO POLICE DEPT,Accepted,JEFFERSON,US0150,,BROADWAY,,E,,CLAY,,,,,38.244831357,-85.741512446,3.303,3/11/2021 12:00:00 AM,2145,2,2,0,0,RAINING,WET,False,ANGLE COLLISION - OTHER,ANGLE,STRAIGHT & LEVEL,DARK-HWY LIGHTED/ON,,,3/12/2021 9:18:53 AM,False,5135,Accepted,
27873210,0568000,LOUISVILLE METRO POLICE DEPT,Accepted,JEFFERSON,US0150,,BROADWAY,,E,,BROOK,,,,,38.245621137,-85.751676821,2.728,3/10/2021 12:00:00 AM,2013,2,2,0,0,CLEAR,DRY,False,ANGLE COLLISION - ONE VEHICLE TURNING RIGHT,ANGLE,STRAIGHT & LEVEL,DARK-HWY LIGHTED/ON,,,3/11/2021 1:31:02 PM,False,5135,Accepted,
27877027,0730000,MCCRACKEN COUNTY SHERIFF DEPT.,Accepted,MCCRACKEN,I 0024,,I24 W,,,,,,,,,37.127711463,-88.689146969,0.804,3/10/2021 12:00:00 AM,1603,2,2,0,0,CLEAR,DRY,False,REAR END IN TRAFFIC LANES BOTH VEHICLES MOVING,REAR END,STRAIGHT & LEVEL,DAYLIGHT,,,3/12/2021 11:49:34 AM,False,08,Accepted,
27868833,0568000,LOUISVILLE METRO POLICE DEPT,Accepted,JEFFERSON,I 0071,,I71 N,,,,,,,,,38.318936388,-85.567372577,9.942,3/10/2021 12:00:00 AM,0655,2,2,0,0,CLEAR,DRY,False,SIDESWIPE COLLISION - SAME DIRECTION,SIDESWIPE-SAME DIRECTION,STRAIGHT & LEVEL,DAYLIGHT,,,3/10/2021 2:25:45 PM,False,4903,Accepted,
27863317,0930300,PEWEE VALLEY POLICE DEPT.,Accepted,OLDHAM,KY0362,,ASH,AVE,,,OLD FLOYDSBURG,,,,,38.301759010,-85.482497356,1.593,3/9/2021 12:00:00 AM,0959,2,2,0,0,CLEAR,DRY,True,OPPOSITE DIRECTION - BOTH VEHICLES GOING STRAIGHT AHEAD,SIDESWIPE-OPPOSITE DIRECTION,STRAIGHT & LEVEL,DAYLIGHT,,,3/9/2021 10:35:00 AM,False,501,Accepted,
27876336,0370200,KY STATE POLICE CVE,Accepted,LAUREL,I 0075,,I75 S,,,,,,,,,37.170441887,-84.126317505,42.669,3/9/2021 12:00:00 AM,0837,2,2,0,0,CLEAR,DRY,False,REAR END IN TRAFFIC LANES BOTH VEHICLES MOVING,REAR END,STRAIGHT & LEVEL,DAYLIGHT,,,3/12/2021 8:15:40 AM,False,C-362,Accepted,
27864172,0340200,LEXINGTON POLICE DEPARTMENT,Accepted,FAYETTE,US0025,200,VINE,ST,W,,,,MILL,,UPPER,38.046626428,-84.498960129,13.989,3/8/2021 12:00:00 AM,1640,2,2,0,0,CLEAR,DRY,False,1 VEHICLE PARKED POSITION (NOT PARKING LOT/DRIVEWAY),SIDESWIPE-SAME DIRECTION,STRAIGHT & LEVEL,DAYLIGHT,,,3/9/2021 2:45:03 PM,False,55085,Accepted,
27864051,0930400,OLDHAM COUNTY POLICE DEPT.,Accepted,OLDHAM,I 0071,,I71 N,,,,,,OLDHAM JEFFERSON LINE,,REST AREA ENTRANCE,38.335035713,-85.528035306,,3/8/2021 12:00:00 AM,1032,1,1,0,0,CLEAR,DRY,False,RAN OFF ROADWAY (1 VEHICLE WITH/EARTH EMBANKMENT/DITCH),SINGLE VEHICLE,STRAIGHT & LEVEL,DAYLIGHT,,,3/9/2021 2:03:36 PM,False,3068,Accepted,
28026407,0470100,ELIZABETHTOWN POLICE DEPT.,Accepted,HARDIN,US0031W,,DIXIE,AVE,N,,VETERANS,,,,,37.741281204,-85.890655991,20.444,3/7/2021 12:00:00 AM,1919,2,2,0,0,CLEAR,DRY,True,SIDESWIPE-SAME DIRECTION,SIDESWIPE-SAME DIRECTION,STRAIGHT & LEVEL,DARK-HWY LIGHTED/ON,,,4/18/2021 10:19:49 AM,False,0151,Accepted,
27872269,KSP0900,KY STATE POLICE POST 09,Accepted,PIKE,KY0292,,KY292,,,,,,,,,37.638031431,-82.218500281,0.899,3/7/2021 12:00:00 AM,1514,2,2,0,3,CLEAR,DRY,False,REAR END IN TRAFFIC LANES BOTH VEHICLES MOVING,REAR END,CURVE & LEVEL,DAYLIGHT,,,3/11/2021 9:03:38 AM,False,528,Accepted,
27858489,KSP1100,KY STATE POLICE POST 11,Accepted,LAUREL,I 0075,,I75 N,,,,,,,,,37.198111921,-84.153422497,45.108,3/7/2021 12:00:00 AM,1329,2,2,0,0,CLEAR,DRY,False,REAR END IN TRAFFIC LANES BOTH VEHICLES MOVING,REAR END,STRAIGHT & LEVEL,DAYLIGHT,,,3/8/2021 10:35:57 AM,False,1113,Accepted,
27924693,0800000,MARTIN COUNTY SHERIFF DEPT.,Accepted,MARTIN,KY0040,,BLACKLOG,RD,,,,,,,,37.831759908,-82.465110656,15.849,3/4/2021 12:00:00 AM,1804,2,2,0,0,CLEAR,WET,False,REAR END IN TRAFFIC LANES BOTH VEHICLES MOVING,REAR END,STRAIGHT & GRADE,DAYLIGHT,,,3/24/2021 1:11:21 PM,False,4,Accepted,
27857986,0370200,KY STATE POLICE CVE,Accepted,LIVINGSTON,I 0024,,I24 E,,,,,,,,,37.058042273,-88.225755332,33.422,3/4/2021 12:00:00 AM,1153,2,2,0,0,CLEAR,DRY,False,SIDESWIPE COLLISION - SAME DIRECTION,SIDESWIPE-SAME DIRECTION,STRAIGHT & GRADE,DAYLIGHT,,,3/8/2021 9:29:22 AM,False,C-349,Accepted,
27836876,0570100,NICHOLASVILLE POLICE DEPT.,Accepted,JESSAMINE,,,KEENECENTRE,DR,,,,,,,,37.895973635,-84.586012596,0.175,3/2/2021 12:00:00 AM,1930,1,1,0,2,CLEAR,WET,False,OTHER ROADWAY OR MID-BLOCK COLLISION,SINGLE VEHICLE,STRAIGHT & GRADE,DARK-HWY LIGHTED/ON,,,3/2/2021 11:35:42 PM,False,593,Accepted,
27883098,0630000,LAUREL COUNTY SHERIFF DEPT.,Accepted,LAUREL,I 0075,,I75 S,,,,,,,,,37.190801629,-84.145908384,44.462,3/1/2021 12:00:00 AM,1537,1,1,0,1,CLEAR,DRY,False,OTHER ROADWAY OR MID-BLOCK COLLISION,SINGLE VEHICLE,STRAIGHT & LEVEL,DAYLIGHT,,,3/14/2021 11:13:35 AM,False,1106,Accepted,
27833575,0568000,LOUISVILLE METRO POLICE DEPT,Accepted,JEFFERSON,I 0265,,I265 W,,,,,,,,,38.203071535,-85.507667087,24.085,3/1/2021 12:00:00 AM,1115,1,1,0,0,CLOUDY,DRY,False,COLLISION WITH FIXED OBJECT NON - INTERSECTION - FIRST EVENT COLLISION 09 - 32 EXCLUDING 16,SINGLE VEHICLE,STRAIGHT & HILLCREST,DAYLIGHT,,,3/2/2021 8:16:58 AM,False,4903,Accepted,
27829228,1200100,VERSAILLES POLICE DEPARTMENT,Accepted,WOODFORD,KY1967,,PISGAH,PIKE,,,,,OLD FRANKFORT ,,PV1011,38.093471497,-84.657000487,,2/26/2021 12:00:00 AM,0948,2,2,0,0,CLOUDY,DRY,False,1 VEHICLE PARKED POSITION (NOT PARKING LOT/DRIVEWAY),SIDESWIPE-SAME DIRECTION,STRAIGHT & LEVEL,DAYLIGHT,,,3/1/2021 9:06:35 AM,False,136,Accepted,
27821738,0410000,GRANT COUNTY SHERIFF DEPT.,Accepted,GRANT,KY0467,6100,WARSAW,RD,,,,,,,,38.693711647,-84.704069800,5.851,2/26/2021 12:00:00 AM,1047,2,2,0,0,CLOUDY,DRY,False,SIDESWIPE COLLISION - OPPOSITE DIRECTION,SIDESWIPE-OPPOSITE DIRECTION,CURVE & LEVEL,DAYLIGHT,,,2/26/2021 2:21:46 PM,False,906,Accepted,
27829632,KSP1100,KY STATE POLICE POST 11,Accepted,LAUREL,I 0075,,I75 N,,,,,,,,,37.188476251,-84.142609586,44.204,2/23/2021 12:00:00 AM,0705,1,1,0,0,CLEAR,DRY,False,COLLISION WITH FIXED OBJECT NON - INTERSECTION - FIRST EVENT COLLISION 09 - 32 EXCLUDING 16,SINGLE VEHICLE,STRAIGHT & HILLCREST,DAWN,,,3/1/2021 10:08:21 AM,False,376,Accepted,
27824449,0360100,PRESTONSBURG POLICE DEPARTMENT,Accepted,FLOYD,KY0321,,KY321,,,,,,,,,37.721327727,-82.761477113,3.460,2/21/2021 12:00:00 AM,1013,2,2,0,2,CLOUDY,DRY,False,OTHER ROADWAY OR MID-BLOCK COLLISION,REAR END,CURVE & LEVEL,DAYLIGHT,,,2/27/2021 3:37:19 PM,False,531,Accepted,
27803929,0568000,LOUISVILLE METRO POLICE DEPT,Accepted,JEFFERSON,US0150,,BROADWAY,,E,,BROOK,,,,,38.245741536,-85.752226266,2.706,2/19/2021 12:00:00 AM,2136,2,2,0,0,CLEAR,DRY,False,ANGLE COLLISION - ONE VEHICLE TURNING LEFT,ANGLE,STRAIGHT & LEVEL,DARK-HWY LIGHTED/ON,,,2/22/2021 11:26:31 AM,False,5135,Accepted,
27805998,0370200,KY STATE POLICE CVE,Accepted,LAUREL,I 0075,,I75 N,,,,,,,,,37.037986558,-84.097545113,33.153,2/19/2021 12:00:00 AM,1927,1,1,0,0,CLOUDY,DRY,False,RAN OFF ROADWAY (1 VEHICLE WITH/EARTH EMBANKMENT/DITCH),SINGLE VEHICLE,STRAIGHT & LEVEL,DARK-HWY NOT LIGHTED,,,2/22/2021 10:39:16 PM,False,C-325,Accepted,
28944255,KSP1300,KY STATE POLICE POST 13,Accepted,PERRY,KY0015,,,,,,,,,,,37.270147025,-83.208806816,0.099,2/19/2021 12:00:00 AM,2335,1,1,0,0,CLEAR,DRY,False,OTHER RAMP RELATED COLLISIONS NOT LISTED ABOVE,SINGLE VEHICLE,CURVE & GRADE,DARK-HWY LIGHTED/ON,KY0015,KY0550,10/25/2021 10:54:46 AM,False,275,Accepted,
27795926,0590400,FT. WRIGHT POLICE DEPARTMENT,Accepted,KENTON,,,AMSTERDAM,RD,,,,,GENERAL,,RIDGEWOOD,39.064530977,-84.549874184,0.561,2/18/2021 12:00:00 AM,1948,2,2,0,0,CLEAR,SNOW/SLUSH,False,1 VEHICLE PARKED POSITION (NOT PARKING LOT/DRIVEWAY),BACKING,STRAIGHT & LEVEL,DARK-HWY NOT LIGHTED,,,2/19/2021 3:12:41 PM,False,404,Accepted,
27768049,1060100,SHELBYVILLE POLICE DEPARTMENT,Accepted,SHELBY,KY0053,,MT EDEN,RD,,KY2258,OLD SEVEN MILE,,,,,38.200896636,-85.206886019,7.247,2/8/2021 12:00:00 AM,1625,2,2,0,2,CLOUDY,DRY,True,OTHER INTERSECTION COLLISIONS,REAR END,STRAIGHT & LEVEL,DAYLIGHT,,,2/9/2021 3:48:08 PM,False,236,Accepted,
27766333,0566700,MIDDLETOWN POLICE DEPARTMENT,Accepted,JEFFERSON,I 0265,,I265 S,,,,,,,,,38.229116886,-85.505028876,25.888,2/7/2021 12:00:00 AM,2339,2,2,0,0,CLOUDY,DRY,True,OTHER COLLISIONS ON SHOULDER,SIDESWIPE-SAME DIRECTION,STRAIGHT & LEVEL,DARK (UNKNOWN ROADWAY LIGHTING),,,2/9/2021 7:27:52 AM,False,2011,Accepted,
27753228,1180000,WHITLEY COUNTY SHERIFF DEPT.,Accepted,WHITLEY,KY0026,,KY26,,,,,,,,,36.880218515,-84.132337257,9.244,2/5/2021 12:00:00 AM,1018,2,2,0,0,CLEAR,WET,False,REAR END IN TRAFFIC LANES BOTH VEHICLES MOVING,REAR END,STRAIGHT & LEVEL,DAYLIGHT,,,2/5/2021 1:53:52 PM,False,186,Accepted,
27772309,0630000,LAUREL COUNTY SHERIFF DEPT.,Accepted,LAUREL,I 0075,,I75 S,,,,,,,,,37.219339625,-84.204581260,48.367,2/4/2021 12:00:00 AM,1926,2,2,0,0,RAINING,WET,False,REAR END IN TRAFFIC LANES BOTH VEHICLES MOVING,REAR END,STRAIGHT & LEVEL,DARK (UNKNOWN ROADWAY LIGHTING),,,2/10/2021 3:03:37 PM,False,1123,Accepted,
27747784,0180100,MURRAY POLICE DEPARTMENT,Accepted,CALLOWAY,US0641,1301,12TH,ST,S,,,,,,,36.593060070,-88.315337462,6.494,2/3/2021 12:00:00 AM,0805,2,2,0,0,CLEAR,DRY,False,REAR END IN TRAFFIC LANES BOTH VEHICLES MOVING,REAR END,STRAIGHT & HILLCREST,DAYLIGHT,,,2/4/2021 10:33:59 AM,False,123,Accepted,
27747267,0150000,BULLITT COUNTY SHERIFF DEPT.,Accepted,BULLITT,KY1020,,CORAL RIDGE,RD,,,,,,,,38.040465511,-85.710064002,1.855,2/3/2021 12:00:00 AM,2101,1,1,0,0,CLEAR,DRY,False,OTHER ROADWAY OR MID-BLOCK COLLISION,SINGLE VEHICLE,STRAIGHT & LEVEL,DARK-HWY NOT LIGHTED,,,2/4/2021 7:24:27 AM,False,1236,Accepted,
27747422,0568000,LOUISVILLE METRO POLICE DEPT,Accepted,JEFFERSON,US0031W,,2ND,ST,S,US0031E,MAIN,,,,,38.256234193,-85.753295507,22.132,2/3/2021 12:00:00 AM,1336,2,2,0,0,CLEAR,DRY,False,SIDESWIPE-SAME DIRECTION,SIDESWIPE-SAME DIRECTION,STRAIGHT & LEVEL,DAYLIGHT,,,2/4/2021 8:08:54 AM,False,5105,Accepted,
27765059,0630000,LAUREL COUNTY SHERIFF DEPT.,Accepted,LAUREL,I 0075,,I75 S,,,,,,,,,37.215808547,-84.200652385,48.043,1/30/2021 12:00:00 AM,0536,1,1,0,0,CLEAR,DRY,False,OTHER ROADWAY OR MID-BLOCK COLLISION,SINGLE VEHICLE,STRAIGHT & GRADE,DARK-HWY NOT LIGHTED,,,2/8/2021 10:31:37 PM,False,1147,Accepted,
27734884,0568000,LOUISVILLE METRO POLICE DEPT,Accepted,JEFFERSON,I 0265,,I265 E,,,,,,,,,38.199715462,-85.507677453,23.886,1/29/2021 12:00:00 AM,0829,1,1,1,0,CLEAR,DRY,False,OTHER COLLISIONS ON SHOULDER,SINGLE VEHICLE,STRAIGHT & GRADE,DAYLIGHT,,,2/1/2021 10:57:34 AM,False,6886,Accepted,
27731417,0470200,RADCLIFF POLICE DEPARTMENT,Accepted,HARDIN,US0031W,,DIXIE,BLVD,N,,,,CITY PARK,,KNOX,37.860070773,-85.954985238,29.420,1/29/2021 12:00:00 AM,1121,2,2,0,1,CLEAR,DRY,False,1 VEHICLE ENTERING/LEAVING ENTRANCE,ANGLE,STRAIGHT & GRADE,DAYLIGHT,,,1/31/2021 9:56:36 AM,False,903JF,Accepted,
27726993,0370200,KY STATE POLICE CVE,Accepted,LAUREL,I 0075,,I75 S,,,,,,,,,36.984448386,-84.109775588,29.386,1/25/2021 12:00:00 AM,1300,2,2,0,1,CLOUDY,WET,False,REAR END IN TRAFFIC LANES BOTH VEHICLES MOVING,REAR END,STRAIGHT & GRADE,DAYLIGHT,,,1/29/2021 4:26:14 PM,False,C-319,Accepted,
27717820,0370200,KY STATE POLICE CVE,Accepted,LAUREL,I 0075,,I75 N,,,,,,,,,36.982244938,-84.110078530,29.245,1/22/2021 12:00:00 AM,1330,2,2,0,0,CLEAR,DRY,False,SIDESWIPE COLLISION - SAME DIRECTION,SIDESWIPE-SAME DIRECTION,STRAIGHT & GRADE,DAYLIGHT,,,1/27/2021 12:46:39 PM,False,C-355,Accepted,
27700265,0080000,BOONE COUNTY SHERIFF DEPT.,Accepted,BOONE,I 0075,,I75 S,,,,,,,,,38.922526217,-84.629861560,175.711,1/21/2021 12:00:00 AM,1210,2,2,0,0,CLEAR,DRY,False,SIDESWIPE COLLISION - SAME DIRECTION,SIDESWIPE-SAME DIRECTION,STRAIGHT & LEVEL,DAYLIGHT,,,1/22/2021 1:53:11 PM,False,3304,Accepted,
27708842,0568000,LOUISVILLE METRO POLICE DEPT,Accepted,JEFFERSON,US0150,,BROADWAY,,E,,,,FLOYD,KY0061,PRESTON,38.245285132,-85.747778845,2.954,1/21/2021 12:00:00 AM,1510,2,2,0,0,CLEAR,DRY,False,SIDESWIPE COLLISION - SAME DIRECTION,SIDESWIPE-SAME DIRECTION,STRAIGHT & LEVEL,DAYLIGHT,,,1/25/2021 10:03:43 AM,False,7058,Accepted,
27734462,KSP0900,KY STATE POLICE POST 09,Accepted,PIKE,KY1056,,KY1056,,,,,,,,,37.564314050,-82.246672939,0.993,1/21/2021 12:00:00 AM,1824,2,2,0,0,CLEAR,DRY,False,SIDESWIPE COLLISION - SAME DIRECTION,SIDESWIPE-SAME DIRECTION,STRAIGHT & LEVEL,DARK-HWY NOT LIGHTED,,,2/1/2021 9:52:31 AM,False,528,Accepted,
27710028,0970100,HAZARD POLICE DEPARTMENT,Accepted,PERRY,KY0015,,,,,,,,,,,37.270406768,-83.208038209,0.108,1/20/2021 12:00:00 AM,1551,2,2,0,0,CLEAR,DRY,False,OTHER RAMP RELATED COLLISIONS NOT LISTED ABOVE,REAR END,STRAIGHT & HILLCREST,DAYLIGHT,KY0550,KY0015,1/25/2021 2:50:25 PM,False,418,Accepted,
27699159,0080000,BOONE COUNTY SHERIFF DEPT.,Accepted,BOONE,I 0075,,I75 S,,,,,,,,,38.913899813,-84.628483530,175.112,1/20/2021 12:00:00 AM,1237,2,2,0,0,CLEAR,DRY,False,REAR END IN TRAFFIC LANES BOTH VEHICLES MOVING,REAR END,STRAIGHT & LEVEL,DAYLIGHT,,,1/22/2021 8:00:50 AM,False,3700,Accepted,
27693544,0080000,BOONE COUNTY SHERIFF DEPT.,Accepted,BOONE,I 0075,,I75 N,,,,,,,,,38.921989441,-84.629557187,175.687,1/19/2021 12:00:00 AM,1510,2,2,0,0,CLEAR,DRY,False,SIDESWIPE COLLISION - SAME DIRECTION,SIDESWIPE-SAME DIRECTION,STRAIGHT & LEVEL,DAYLIGHT,,,1/20/2021 8:12:47 PM,False,3700,Accepted,
27691094,0568000,LOUISVILLE METRO POLICE DEPT,Accepted,JEFFERSON,I 0071,,I71 S,,,,,,,,,38.318475577,-85.570801101,9.748,1/19/2021 12:00:00 AM,0935,1,1,0,0,CLEAR,DRY,False,COLLISION WITH FIXED OBJECT NON - INTERSECTION - FIRST EVENT COLLISION 09 - 32 EXCLUDING 16,SINGLE VEHICLE,STRAIGHT & LEVEL,DAYLIGHT,,,1/20/2021 8:08:54 AM,False,4903,Accepted,
27692183,1060100,SHELBYVILLE POLICE DEPARTMENT,Accepted,SHELBY,KY0053,,MT EDEN,RD,,,,,GREENLAND PARK,,BONNIE BRAE,38.192021405,-85.211124007,6.621,1/18/2021 12:00:00 AM,1420,2,2,0,0,CLOUDY,DRY,False,REAR END IN TRAFFIC LANES BOTH VEHICLES MOVING,REAR END,STRAIGHT & LEVEL,DAYLIGHT,,,1/20/2021 1:58:25 PM,False,236,Accepted,
27687005,1060000,SHELBY COUNTY SHERIFF DEPT.,Accepted,SHELBY,KY0053,,MT EDEN,RD,,,,,,,,38.202473688,-85.205579246,7.388,1/15/2021 12:00:00 AM,0830,2,2,0,0,CLEAR,WET,False,REAR END IN TRAFFIC LANES BOTH VEHICLES MOVING,REAR END,STRAIGHT & GRADE,DAYLIGHT,,,1/19/2021 9:43:43 AM,False,36,Accepted,
27726457,0630000,LAUREL COUNTY SHERIFF DEPT.,Accepted,LAUREL,I 0075,,I75 N,,,,,,,,,37.000152609,-84.106094969,30.495,1/13/2021 12:00:00 AM,1632,3,3,0,0,CLEAR,DRY,False,SIDESWIPE COLLISION - SAME DIRECTION,SIDESWIPE-SAME DIRECTION,STRAIGHT & LEVEL,DAYLIGHT,,,1/29/2021 2:05:34 PM,False,1123,Accepted,
27666327,1060000,SHELBY COUNTY SHERIFF DEPT.,Accepted,SHELBY,KY0053,,MT EDEN,RD,,,,,,,,38.207114616,-85.202920707,7.752,1/12/2021 12:00:00 AM,1425,2,2,0,0,CLEAR,DRY,False,SIDESWIPE COLLISION - SAME DIRECTION,SIDESWIPE-SAME DIRECTION,STRAIGHT & GRADE,DAYLIGHT,,,1/13/2021 9:37:59 AM,False,41,Accepted,
27686525,KSP0500,KY STATE POLICE POST 05,Accepted,CARROLL,I 0071,,I71 S,,,,,,,,,38.651688609,-85.116214692,44.777,1/12/2021 12:00:00 AM,1710,2,2,0,0,CLEAR,DRY,False,REAR END IN TRAFFIC LANES BOTH VEHICLES MOVING,REAR END,STRAIGHT & LEVEL,DAYLIGHT,,,1/19/2021 8:20:35 AM,False,412,Accepted,
27661484,0568000,LOUISVILLE METRO POLICE DEPT,Accepted,JEFFERSON,I 0265,,I265 E,,,,,,,,,38.208246025,-85.506837744,24.477,1/11/2021 12:00:00 AM,2132,2,2,0,1,CLEAR,DRY,False,REAR END IN TRAFFIC LANES BOTH VEHICLES MOVING,REAR END,STRAIGHT & HILLCREST,DARK-HWY LIGHTED/OFF,,,1/12/2021 8:08:41 AM,False,7369,Accepted,
27657891,1060000,SHELBY COUNTY SHERIFF DEPT.,Accepted,SHELBY,KY0053,,MT EDEN,RD,,,,,,,,38.200961731,-85.206883369,7.251,1/11/2021 12:00:00 AM,0900,2,2,0,1,CLEAR,DRY,False,OTHER ROADWAY OR MID-BLOCK COLLISION,REAR END,STRAIGHT & LEVEL,DAYLIGHT,,,1/11/2021 10:52:05 AM,False,25,Accepted,
27662939,0080000,BOONE COUNTY SHERIFF DEPT.,Accepted,BOONE,I 0075,,I75 S,,,,,,,,,38.923125581,-84.629829062,175.751,1/10/2021 12:00:00 AM,1430,2,2,0,0,CLEAR,DRY,False,SIDESWIPE COLLISION - SAME DIRECTION,SIDESWIPE-SAME DIRECTION,STRAIGHT & LEVEL,DAYLIGHT,,,1/12/2021 2:25:14 PM,False,3757,Accepted,
27662943,0080000,BOONE COUNTY SHERIFF DEPT.,Accepted,BOONE,I 0075,,,,,,,,,,,38.920966019,-84.629373414,0.237,1/8/2021 12:00:00 AM,0730,2,2,0,0,CLEAR,DRY,False,OTHER RAMP RELATED COLLISIONS NOT LISTED ABOVE,REAR END,STRAIGHT & GRADE,DARK-HWY LIGHTED/ON,RICHWOOD DR,I 0075,1/12/2021 2:25:34 PM,False,3757,Accepted,
27657115,KSP0500,KY STATE POLICE POST 05,Accepted,CARROLL,I 0071,,I71 S,,,,,,,,,38.655906651,-85.074637895,47.112,1/8/2021 12:00:00 AM,0710,1,1,0,1,CLOUDY,WET,False,COLLISION WITH FIXED OBJECT NON - INTERSECTION - FIRST EVENT COLLISION 09 - 32 EXCLUDING 16,SINGLE VEHICLE,STRAIGHT & LEVEL,DAYLIGHT,,,1/11/2021 8:24:51 AM,False,960,Accepted,
27771768,1150000,WASHINGTON CTY SHERIFF DEPT,Accepted,WASHINGTON,KY0055,,LEBANON,RD,,,,,,,,37.652021396,-85.240829879,1.787,1/8/2021 12:00:00 AM,1121,3,3,0,1,CLEAR,DRY,False,REAR END IN TRAFFIC LANES BOTH VEHICLES MOVING,REAR END,STRAIGHT & LEVEL,DAYLIGHT,,,2/10/2021 12:57:55 PM,False,25,Accepted,
27644642,0080000,BOONE COUNTY SHERIFF DEPT.,Accepted,BOONE,I 0275,,I275 E,,,,,,,,,39.083224151,-84.735741026,8.470,1/7/2021 12:00:00 AM,0720,2,2,0,0,CLEAR,DRY,True,SIDESWIPE COLLISION - SAME DIRECTION,SIDESWIPE-SAME DIRECTION,STRAIGHT & LEVEL,DARK-HWY LIGHTED/OFF,,,1/7/2021 10:36:43 AM,False,3202,Accepted,
27657830,0480100,CUMBERLAND POLICE DEPARTMENT,Accepted,HARLAN,KY0160,,MAIN,ST,,,,,,,,36.976314140,-82.984842229,11.419,1/6/2021 12:00:00 AM,1133,2,2,0,0,CLEAR,DRY,False,SIDESWIPE COLLISION - SAME DIRECTION,SIDESWIPE-SAME DIRECTION,STRAIGHT & LEVEL,DAYLIGHT,,,1/11/2021 10:37:16 AM,False,509,Accepted,
27682458,0210000,CARROLL COUNTY SHERIFF DEPT.,Accepted,CARROLL,I 0071,,I71 S,,,,,,,,,38.656198596,-85.072402740,47.222,1/6/2021 12:00:00 AM,1635,2,1,0,0,CLOUDY,DRY,False,SIDESWIPE COLLISION - SAME DIRECTION,SIDESWIPE-SAME DIRECTION,CURVE & GRADE,DAYLIGHT,,,1/18/2021 3:01:59 AM,False,101,Accepted,
27633727,0100100,ASHLAND POLICE DEPARTMENT,Accepted,BOYD,US0023X,,WINCHESTER,AVE,,,,,,,,38.483072975,-82.648226724,1.731,1/4/2021 12:00:00 AM,1606,2,2,0,0,CLEAR,DRY,False,SIDESWIPE COLLISION - SAME DIRECTION,SIDESWIPE-SAME DIRECTION,STRAIGHT & LEVEL,DAYLIGHT,,,1/4/2021 6:36:21 PM,False,1515,Accepted,
27716573,0970100,HAZARD POLICE DEPARTMENT,Accepted,PERRY,KY0015,,KY15,,N,,,,,,,37.272279947,-83.209957906,13.846,1/4/2021 12:00:00 AM,1705,3,3,0,1,CLEAR,DRY,False,1 VEHICLE ENTERING/LEAVING ENTRANCE,ANGLE,STRAIGHT & GRADE,DUSK,,,1/27/2021 6:45:54 AM,False,415,Accepted,
27685188,0630000,LAUREL COUNTY SHERIFF DEPT.,Accepted,LAUREL,I 0075,,I75 N,,,,,,,,,36.999726080,-84.106176659,30.466,1/2/2021 12:00:00 AM,1603,2,2,0,0,CLEAR,DRY,False,REAR END IN TRAFFIC LANES BOTH VEHICLES MOVING,REAR END,STRAIGHT & LEVEL,DAYLIGHT,,,1/18/2021 11:25:05 PM,False,1123,Accepted,